suburb,local_board,region,metric,count,known_suburb,known_board,known_region,p_suburb,p_board,p_region
Ahuroa,Rodney Local Board Area,north,animal_desexed,67,103,12635,43051,0.6504854368932039,0.6839730906212901,0.7100648068569836
Ahuroa,Rodney Local Board Area,north,classification,1,103,12635,43051,0.009708737864077669,0.015116739216462208,0.016979861094980373
Ahuroa,Rodney Local Board Area,north,current_reg,102,103,12635,43051,0.9902912621359223,0.9270280965571824,0.9315695338087385
Ahuroa,Rodney Local Board Area,north,owner_reg,53,103,12635,43051,0.5145631067961165,0.39746735259200633,0.36059557269285264
Albany,Upper Harbour Local Board Area,north,animal_desexed,325,456,5464,43051,0.7127192982456141,0.7016837481698389,0.7100648068569836
Albany,Upper Harbour Local Board Area,north,classification,8,456,5464,43051,0.017543859649122806,0.016471449487554905,0.016979861094980373
Albany,Upper Harbour Local Board Area,north,current_reg,416,456,5464,43051,0.9122807017543859,0.9302708638360175,0.9315695338087385
Albany,Upper Harbour Local Board Area,north,owner_reg,162,456,5464,43051,0.35526315789473684,0.3444363103953148,0.36059557269285264
Albany Heights,Upper Harbour Local Board Area,north,animal_desexed,134,220,5464,43051,0.6090909090909091,0.7016837481698389,0.7100648068569836
Albany Heights,Upper Harbour Local Board Area,north,classification,4,220,5464,43051,0.01818181818181818,0.016471449487554905,0.016979861094980373
Albany Heights,Upper Harbour Local Board Area,north,current_reg,205,220,5464,43051,0.9318181818181818,0.9302708638360175,0.9315695338087385
Albany Heights,Upper Harbour Local Board Area,north,owner_reg,71,220,5464,43051,0.32272727272727275,0.3444363103953148,0.36059557269285264
Alfriston,Papakura Local Board Area,south,animal_desexed,58,102,5967,33754,0.5686274509803921,0.5828724652254064,0.560407655388991
Alfriston,Papakura Local Board Area,south,classification,5,102,5967,33754,0.049019607843137254,0.08982738394503101,0.10665402618948866
Alfriston,Papakura Local Board Area,south,current_reg,88,102,5967,33754,0.8627450980392157,0.8327467739232445,0.8430111986727499
Alfriston,Papakura Local Board Area,south,owner_reg,26,102,5967,33754,0.2549019607843137,0.32797050444109266,0.29629080997807666
Algies Bay,Rodney Local Board Area,north,animal_desexed,65,83,12635,43051,0.7831325301204819,0.6839730906212901,0.7100648068569836
Algies Bay,Rodney Local Board Area,north,classification,1,83,12635,43051,0.012048192771084338,0.015116739216462208,0.016979861094980373
Algies Bay,Rodney Local Board Area,north,current_reg,80,83,12635,43051,0.963855421686747,0.9270280965571824,0.9315695338087385
Algies Bay,Rodney Local Board Area,north,owner_reg,44,83,12635,43051,0.5301204819277109,0.39746735259200633,0.36059557269285264
Anawhata,Waitākere Ranges Local Board Area,west,animal_desexed,6,7,6064,20046,0.8571428571428571,0.7204815303430079,0.6577870896937045
Anawhata,Waitākere Ranges Local Board Area,west,classification,0,7,6064,20046,0,0.033641160949868076,0.05711862715753766
Anawhata,Waitākere Ranges Local Board Area,west,current_reg,6,7,6064,20046,0.8571428571428571,0.9200197889182058,0.8856629751571385
Anawhata,Waitākere Ranges Local Board Area,west,owner_reg,6,7,6064,20046,0.8571428571428571,0.34465699208443273,0.305846552928265
Araparera,Rodney Local Board Area,north,animal_desexed,7,19,12635,43051,0.3684210526315789,0.6839730906212901,0.7100648068569836
Araparera,Rodney Local Board Area,north,classification,0,19,12635,43051,0,0.015116739216462208,0.016979861094980373
Araparera,Rodney Local Board Area,north,current_reg,13,19,12635,43051,0.6842105263157895,0.9270280965571824,0.9315695338087385
Araparera,Rodney Local Board Area,north,owner_reg,4,19,12635,43051,0.21052631578947367,0.39746735259200633,0.36059557269285264
Ararimu Valley,Franklin Local Board Area,south,animal_desexed,95,140,11978,33754,0.6785714285714286,0.6668058106528636,0.560407655388991
Ararimu Valley,Franklin Local Board Area,south,classification,1,140,11978,33754,0.007142857142857143,0.03414593421272333,0.10665402618948866
Ararimu Valley,Franklin Local Board Area,south,current_reg,134,140,11978,33754,0.9571428571428572,0.9143429620971781,0.8430111986727499
Ararimu Valley,Franklin Local Board Area,south,owner_reg,72,140,11978,33754,0.5142857142857142,0.4029888128235098,0.29629080997807666
Ardmore,Franklin Local Board Area,south,animal_desexed,249,444,11978,33754,0.5608108108108109,0.6668058106528636,0.560407655388991
Ardmore,Franklin Local Board Area,south,classification,21,444,11978,33754,0.0472972972972973,0.03414593421272333,0.10665402618948866
Ardmore,Franklin Local Board Area,south,current_reg,369,444,11978,33754,0.831081081081081,0.9143429620971781,0.8430111986727499
Ardmore,Franklin Local Board Area,south,owner_reg,153,444,11978,33754,0.34459459459459457,0.4029888128235098,0.29629080997807666
Arkles Bay,Hibiscus and Bays Local Board Area,north,animal_desexed,178,231,12529,43051,0.7705627705627706,0.7449118046132972,0.7100648068569836
Arkles Bay,Hibiscus and Bays Local Board Area,north,classification,2,231,12529,43051,0.008658008658008658,0.015005187963923697,0.016979861094980373
Arkles Bay,Hibiscus and Bays Local Board Area,north,current_reg,211,231,12529,43051,0.9134199134199135,0.9426929523505467,0.9315695338087385
Arkles Bay,Hibiscus and Bays Local Board Area,north,owner_reg,89,231,12529,43051,0.3852813852813853,0.37975895921462205,0.36059557269285264
Army Bay,Hibiscus and Bays Local Board Area,north,animal_desexed,131,164,12529,43051,0.7987804878048781,0.7449118046132972,0.7100648068569836
Army Bay,Hibiscus and Bays Local Board Area,north,classification,2,164,12529,43051,0.012195121951219513,0.015005187963923697,0.016979861094980373
Army Bay,Hibiscus and Bays Local Board Area,north,current_reg,159,164,12529,43051,0.9695121951219512,0.9426929523505467,0.9315695338087385
Army Bay,Hibiscus and Bays Local Board Area,north,owner_reg,69,164,12529,43051,0.42073170731707316,0.37975895921462205,0.36059557269285264
Auckland Airport,Māngere-Ōtāhuhu Local Board Area,south,animal_desexed,4,17,4809,33754,0.23529411764705882,0.45830734040341026,0.560407655388991
Auckland Airport,Māngere-Ōtāhuhu Local Board Area,south,classification,0,17,4809,33754,0,0.1933873986275733,0.10665402618948866
Auckland Airport,Māngere-Ōtāhuhu Local Board Area,south,current_reg,17,17,4809,33754,1,0.769182782283219,0.8430111986727499
Auckland Airport,Māngere-Ōtāhuhu Local Board Area,south,owner_reg,0,17,4809,33754,0,0.15263048450821376,0.29629080997807666
Auckland Central,Waitematā Local Board Area,central,animal_desexed,265,408,4310,25368,0.6495098039215687,0.6849187935034803,0.6542100283822138
Auckland Central,Waitematā Local Board Area,central,classification,3,408,4310,25368,0.007352941176470588,0.013689095127610209,0.03717281614632608
Auckland Central,Waitematā Local Board Area,central,current_reg,366,408,4310,25368,0.8970588235294118,0.9310904872389791,0.9155234941658783
Auckland Central,Waitematā Local Board Area,central,owner_reg,91,408,4310,25368,0.22303921568627452,0.23642691415313224,0.2651371807000946
Avondale,Whau Local Board Area,west,animal_desexed,719,1195,3694,20046,0.601673640167364,0.6448294531672983,0.6577870896937045
Avondale,Whau Local Board Area,west,classification,92,1195,3694,20046,0.07698744769874477,0.06442880346507851,0.05711862715753766
Avondale,Whau Local Board Area,west,current_reg,1047,1195,3694,20046,0.8761506276150628,0.8752030319436924,0.8856629751571385
Avondale,Whau Local Board Area,west,owner_reg,306,1195,3694,20046,0.2560669456066946,0.2698971304818625,0.305846552928265
Baddeleys Beach,Rodney Local Board Area,north,animal_desexed,9,10,12635,43051,0.9,0.6839730906212901,0.7100648068569836
Baddeleys Beach,Rodney Local Board Area,north,classification,1,10,12635,43051,0.1,0.015116739216462208,0.016979861094980373
Baddeleys Beach,Rodney Local Board Area,north,current_reg,9,10,12635,43051,0.9,0.9270280965571824,0.9315695338087385
Baddeleys Beach,Rodney Local Board Area,north,owner_reg,3,10,12635,43051,0.3,0.39746735259200633,0.36059557269285264
Balmoral,Albert-Eden Local Board Area,central,animal_desexed,202,286,6233,25368,0.7062937062937062,0.673672388897802,0.6542100283822138
Balmoral,Albert-Eden Local Board Area,central,classification,6,286,6233,25368,0.02097902097902098,0.027274185785336115,0.03717281614632608
Balmoral,Albert-Eden Local Board Area,central,current_reg,271,286,6233,25368,0.9475524475524476,0.9359858815979464,0.9155234941658783
Balmoral,Albert-Eden Local Board Area,central,owner_reg,79,286,6233,25368,0.2762237762237762,0.2826889138456602,0.2651371807000946
Bayswater,Devonport-Takapuna Local Board Area,north,animal_desexed,211,302,4592,43051,0.6986754966887417,0.7253919860627178,0.7100648068569836
Bayswater,Devonport-Takapuna Local Board Area,north,classification,8,302,4592,43051,0.026490066225165563,0.01524390243902439,0.016979861094980373
Bayswater,Devonport-Takapuna Local Board Area,north,current_reg,279,302,4592,43051,0.9238410596026491,0.9368466898954704,0.9315695338087385
Bayswater,Devonport-Takapuna Local Board Area,north,owner_reg,73,302,4592,43051,0.24172185430463577,0.28702090592334495,0.36059557269285264
Bayview,Kaipātiki Local Board Area,north,animal_desexed,399,535,6275,43051,0.7457943925233644,0.7018326693227092,0.7100648068569836
Bayview,Kaipātiki Local Board Area,north,classification,19,535,6275,43051,0.03551401869158879,0.025816733067729084,0.016979861094980373
Bayview,Kaipātiki Local Board Area,north,current_reg,493,535,6275,43051,0.9214953271028037,0.9164940239043825,0.9315695338087385
Bayview,Kaipātiki Local Board Area,north,owner_reg,198,535,6275,43051,0.37009345794392523,0.3244621513944223,0.36059557269285264
Beach Haven,Kaipātiki Local Board Area,north,animal_desexed,778,1071,6275,43051,0.7264239028944911,0.7018326693227092,0.7100648068569836
Beach Haven,Kaipātiki Local Board Area,north,classification,36,1071,6275,43051,0.03361344537815126,0.025816733067729084,0.016979861094980373
Beach Haven,Kaipātiki Local Board Area,north,current_reg,970,1071,6275,43051,0.9056956115779645,0.9164940239043825,0.9315695338087385
Beach Haven,Kaipātiki Local Board Area,north,owner_reg,341,1071,6275,43051,0.3183940242763772,0.3244621513944223,0.36059557269285264
Beachlands,Franklin Local Board Area,south,animal_desexed,867,1150,11978,33754,0.7539130434782608,0.6668058106528636,0.560407655388991
Beachlands,Franklin Local Board Area,south,classification,15,1150,11978,33754,0.013043478260869565,0.03414593421272333,0.10665402618948866
Beachlands,Franklin Local Board Area,south,current_reg,1102,1150,11978,33754,0.9582608695652174,0.9143429620971781,0.8430111986727499
Beachlands,Franklin Local Board Area,south,owner_reg,488,1150,11978,33754,0.42434782608695654,0.4029888128235098,0.29629080997807666
Belmont,Devonport-Takapuna Local Board Area,north,animal_desexed,230,323,4592,43051,0.7120743034055728,0.7253919860627178,0.7100648068569836
Belmont,Devonport-Takapuna Local Board Area,north,classification,8,323,4592,43051,0.02476780185758514,0.01524390243902439,0.016979861094980373
Belmont,Devonport-Takapuna Local Board Area,north,current_reg,305,323,4592,43051,0.9442724458204335,0.9368466898954704,0.9315695338087385
Belmont,Devonport-Takapuna Local Board Area,north,owner_reg,92,323,4592,43051,0.2848297213622291,0.28702090592334495,0.36059557269285264
Bethells,Waitākere Ranges Local Board Area,west,animal_desexed,112,148,6064,20046,0.7567567567567568,0.7204815303430079,0.6577870896937045
Bethells,Waitākere Ranges Local Board Area,west,classification,2,148,6064,20046,0.013513513513513514,0.033641160949868076,0.05711862715753766
Bethells,Waitākere Ranges Local Board Area,west,current_reg,131,148,6064,20046,0.8851351351351351,0.9200197889182058,0.8856629751571385
Bethells,Waitākere Ranges Local Board Area,west,owner_reg,60,148,6064,20046,0.40540540540540543,0.34465699208443273,0.305846552928265
Big Omaha,Rodney Local Board Area,north,animal_desexed,31,43,12635,43051,0.7209302325581395,0.6839730906212901,0.7100648068569836
Big Omaha,Rodney Local Board Area,north,classification,2,43,12635,43051,0.046511627906976744,0.015116739216462208,0.016979861094980373
Big Omaha,Rodney Local Board Area,north,current_reg,40,43,12635,43051,0.9302325581395349,0.9270280965571824,0.9315695338087385
Big Omaha,Rodney Local Board Area,north,owner_reg,15,43,12635,43051,0.3488372093023256,0.39746735259200633,0.36059557269285264
Birkdale,Kaipātiki Local Board Area,north,animal_desexed,559,790,6275,43051,0.7075949367088608,0.7018326693227092,0.7100648068569836
Birkdale,Kaipātiki Local Board Area,north,classification,31,790,6275,43051,0.039240506329113925,0.025816733067729084,0.016979861094980373
Birkdale,Kaipātiki Local Board Area,north,current_reg,709,790,6275,43051,0.8974683544303798,0.9164940239043825,0.9315695338087385
Birkdale,Kaipātiki Local Board Area,north,owner_reg,286,790,6275,43051,0.3620253164556962,0.3244621513944223,0.36059557269285264
Birkenhead,Kaipātiki Local Board Area,north,animal_desexed,577,823,6275,43051,0.701093560145808,0.7018326693227092,0.7100648068569836
Birkenhead,Kaipātiki Local Board Area,north,classification,11,823,6275,43051,0.013365735115431349,0.025816733067729084,0.016979861094980373
Birkenhead,Kaipātiki Local Board Area,north,current_reg,776,823,6275,43051,0.9428918590522479,0.9164940239043825,0.9315695338087385
Birkenhead,Kaipātiki Local Board Area,north,owner_reg,266,823,6275,43051,0.32320777642770354,0.3244621513944223,0.36059557269285264
Blockhouse Bay,Whau Local Board Area,west,animal_desexed,429,609,3694,20046,0.7044334975369458,0.6448294531672983,0.6577870896937045
Blockhouse Bay,Whau Local Board Area,west,classification,30,609,3694,20046,0.04926108374384237,0.06442880346507851,0.05711862715753766
Blockhouse Bay,Whau Local Board Area,west,current_reg,555,609,3694,20046,0.9113300492610837,0.8752030319436924,0.8856629751571385
Blockhouse Bay,Whau Local Board Area,west,owner_reg,166,609,3694,20046,0.27257799671592775,0.2698971304818625,0.305846552928265
Bombay,Franklin Local Board Area,south,animal_desexed,248,373,11978,33754,0.6648793565683646,0.6668058106528636,0.560407655388991
Bombay,Franklin Local Board Area,south,classification,6,373,11978,33754,0.0160857908847185,0.03414593421272333,0.10665402618948866
Bombay,Franklin Local Board Area,south,current_reg,350,373,11978,33754,0.938337801608579,0.9143429620971781,0.8430111986727499
Bombay,Franklin Local Board Area,south,owner_reg,138,373,11978,33754,0.3699731903485255,0.4029888128235098,0.29629080997807666
Bon Accord,Rodney Local Board Area,north,animal_desexed,5,7,12635,43051,0.7142857142857143,0.6839730906212901,0.7100648068569836
Bon Accord,Rodney Local Board Area,north,classification,0,7,12635,43051,0,0.015116739216462208,0.016979861094980373
Bon Accord,Rodney Local Board Area,north,current_reg,3,7,12635,43051,0.42857142857142855,0.9270280965571824,0.9315695338087385
Bon Accord,Rodney Local Board Area,north,owner_reg,2,7,12635,43051,0.2857142857142857,0.39746735259200633,0.36059557269285264
Botany Downs,Howick Local Board Area,east,animal_desexed,223,293,8904,8904,0.7610921501706485,0.6630727762803235,0.6630727762803235
Botany Downs,Howick Local Board Area,east,classification,9,293,8904,8904,0.030716723549488054,0.037511230907457324,0.037511230907457324
Botany Downs,Howick Local Board Area,east,current_reg,274,293,8904,8904,0.9351535836177475,0.9174528301886793,0.9174528301886793
Botany Downs,Howick Local Board Area,east,owner_reg,107,293,8904,8904,0.3651877133105802,0.3314240790655885,0.3314240790655885
Brookby,Franklin Local Board Area,south,animal_desexed,26,53,11978,33754,0.49056603773584906,0.6668058106528636,0.560407655388991
Brookby,Franklin Local Board Area,south,classification,0,53,11978,33754,0,0.03414593421272333,0.10665402618948866
Brookby,Franklin Local Board Area,south,current_reg,50,53,11978,33754,0.9433962264150944,0.9143429620971781,0.8430111986727499
Brookby,Franklin Local Board Area,south,owner_reg,26,53,11978,33754,0.49056603773584906,0.4029888128235098,0.29629080997807666
Browns Bay,Hibiscus and Bays Local Board Area,north,animal_desexed,677,925,12529,43051,0.7318918918918919,0.7449118046132972,0.7100648068569836
Browns Bay,Hibiscus and Bays Local Board Area,north,classification,16,925,12529,43051,0.017297297297297298,0.015005187963923697,0.016979861094980373
Browns Bay,Hibiscus and Bays Local Board Area,north,current_reg,868,925,12529,43051,0.9383783783783783,0.9426929523505467,0.9315695338087385
Browns Bay,Hibiscus and Bays Local Board Area,north,owner_reg,327,925,12529,43051,0.3535135135135135,0.37975895921462205,0.36059557269285264
Buckland,Franklin Local Board Area,south,animal_desexed,28,41,11978,33754,0.6829268292682927,0.6668058106528636,0.560407655388991
Buckland,Franklin Local Board Area,south,classification,1,41,11978,33754,0.024390243902439025,0.03414593421272333,0.10665402618948866
Buckland,Franklin Local Board Area,south,current_reg,37,41,11978,33754,0.9024390243902439,0.9143429620971781,0.8430111986727499
Buckland,Franklin Local Board Area,south,owner_reg,17,41,11978,33754,0.4146341463414634,0.4029888128235098,0.29629080997807666
Bucklands Beach,Howick Local Board Area,east,animal_desexed,275,428,8904,8904,0.6425233644859814,0.6630727762803235,0.6630727762803235
Bucklands Beach,Howick Local Board Area,east,classification,9,428,8904,8904,0.02102803738317757,0.037511230907457324,0.037511230907457324
Bucklands Beach,Howick Local Board Area,east,current_reg,406,428,8904,8904,0.9485981308411215,0.9174528301886793,0.9174528301886793
Bucklands Beach,Howick Local Board Area,east,owner_reg,138,428,8904,8904,0.32242990654205606,0.3314240790655885,0.3314240790655885
Buckleton Beach,Rodney Local Board Area,north,animal_desexed,13,17,12635,43051,0.7647058823529411,0.6839730906212901,0.7100648068569836
Buckleton Beach,Rodney Local Board Area,north,classification,0,17,12635,43051,0,0.015116739216462208,0.016979861094980373
Buckleton Beach,Rodney Local Board Area,north,current_reg,17,17,12635,43051,1,0.9270280965571824,0.9315695338087385
Buckleton Beach,Rodney Local Board Area,north,owner_reg,10,17,12635,43051,0.5882352941176471,0.39746735259200633,0.36059557269285264
Campbells Bay,Hibiscus and Bays Local Board Area,north,animal_desexed,223,309,12529,43051,0.7216828478964401,0.7449118046132972,0.7100648068569836
Campbells Bay,Hibiscus and Bays Local Board Area,north,classification,3,309,12529,43051,0.009708737864077669,0.015005187963923697,0.016979861094980373
Campbells Bay,Hibiscus and Bays Local Board Area,north,current_reg,302,309,12529,43051,0.9773462783171522,0.9426929523505467,0.9315695338087385
Campbells Bay,Hibiscus and Bays Local Board Area,north,owner_reg,97,309,12529,43051,0.313915857605178,0.37975895921462205,0.36059557269285264
Campbells Beach,Rodney Local Board Area,north,animal_desexed,7,8,12635,43051,0.875,0.6839730906212901,0.7100648068569836
Campbells Beach,Rodney Local Board Area,north,classification,0,8,12635,43051,0,0.015116739216462208,0.016979861094980373
Campbells Beach,Rodney Local Board Area,north,current_reg,8,8,12635,43051,1,0.9270280965571824,0.9315695338087385
Campbells Beach,Rodney Local Board Area,north,owner_reg,3,8,12635,43051,0.375,0.39746735259200633,0.36059557269285264
Castor Bay,Devonport-Takapuna Local Board Area,north,animal_desexed,290,386,4592,43051,0.7512953367875648,0.7253919860627178,0.7100648068569836
Castor Bay,Devonport-Takapuna Local Board Area,north,classification,5,386,4592,43051,0.012953367875647668,0.01524390243902439,0.016979861094980373
Castor Bay,Devonport-Takapuna Local Board Area,north,current_reg,369,386,4592,43051,0.9559585492227979,0.9368466898954704,0.9315695338087385
Castor Bay,Devonport-Takapuna Local Board Area,north,owner_reg,106,386,4592,43051,0.27461139896373055,0.28702090592334495,0.36059557269285264
Chatswood,Kaipātiki Local Board Area,north,animal_desexed,198,278,6275,43051,0.7122302158273381,0.7018326693227092,0.7100648068569836
Chatswood,Kaipātiki Local Board Area,north,classification,6,278,6275,43051,0.02158273381294964,0.025816733067729084,0.016979861094980373
Chatswood,Kaipātiki Local Board Area,north,current_reg,257,278,6275,43051,0.9244604316546763,0.9164940239043825,0.9315695338087385
Chatswood,Kaipātiki Local Board Area,north,owner_reg,110,278,6275,43051,0.39568345323741005,0.3244621513944223,0.36059557269285264
Clarks Beach,Franklin Local Board Area,south,animal_desexed,125,175,11978,33754,0.7142857142857143,0.6668058106528636,0.560407655388991
Clarks Beach,Franklin Local Board Area,south,classification,7,175,11978,33754,0.04,0.03414593421272333,0.10665402618948866
Clarks Beach,Franklin Local Board Area,south,current_reg,165,175,11978,33754,0.9428571428571428,0.9143429620971781,0.8430111986727499
Clarks Beach,Franklin Local Board Area,south,owner_reg,64,175,11978,33754,0.3657142857142857,0.4029888128235098,0.29629080997807666
Clendon Park,Manurewa Local Board Area,south,animal_desexed,158,426,5808,33754,0.37089201877934275,0.5020661157024794,0.560407655388991
Clendon Park,Manurewa Local Board Area,south,classification,95,426,5808,33754,0.22300469483568075,0.15685261707988982,0.10665402618948866
Clendon Park,Manurewa Local Board Area,south,current_reg,287,426,5808,33754,0.6737089201877934,0.7913223140495868,0.8430111986727499
Clendon Park,Manurewa Local Board Area,south,owner_reg,56,426,5808,33754,0.13145539906103287,0.23433195592286502,0.29629080997807666
Clevedon,Franklin Local Board Area,south,animal_desexed,371,643,11978,33754,0.5769828926905132,0.6668058106528636,0.560407655388991
Clevedon,Franklin Local Board Area,south,classification,10,643,11978,33754,0.015552099533437015,0.03414593421272333,0.10665402618948866
Clevedon,Franklin Local Board Area,south,current_reg,607,643,11978,33754,0.9440124416796267,0.9143429620971781,0.8430111986727499
Clevedon,Franklin Local Board Area,south,owner_reg,212,643,11978,33754,0.3297045101088647,0.4029888128235098,0.29629080997807666
Clover Park,Howick Local Board Area,east,animal_desexed,120,265,8904,8904,0.4528301886792453,0.6630727762803235,0.6630727762803235
Clover Park,Howick Local Board Area,east,classification,36,265,8904,8904,0.13584905660377358,0.037511230907457324,0.037511230907457324
Clover Park,Howick Local Board Area,east,current_reg,206,265,8904,8904,0.7773584905660378,0.9174528301886793,0.9174528301886793
Clover Park,Howick Local Board Area,east,owner_reg,40,265,8904,8904,0.1509433962264151,0.3314240790655885,0.3314240790655885
Coal Mine Bay,Hibiscus and Bays Local Board Area,north,animal_desexed,2,3,12529,43051,0.6666666666666666,0.7449118046132972,0.7100648068569836
Coal Mine Bay,Hibiscus and Bays Local Board Area,north,classification,0,3,12529,43051,0,0.015005187963923697,0.016979861094980373
Coal Mine Bay,Hibiscus and Bays Local Board Area,north,current_reg,3,3,12529,43051,1,0.9426929523505467,0.9315695338087385
Coal Mine Bay,Hibiscus and Bays Local Board Area,north,owner_reg,0,3,12529,43051,0,0.37975895921462205,0.36059557269285264
Coatesville,Rodney Local Board Area,north,animal_desexed,273,414,12635,43051,0.6594202898550725,0.6839730906212901,0.7100648068569836
Coatesville,Rodney Local Board Area,north,classification,4,414,12635,43051,0.00966183574879227,0.015116739216462208,0.016979861094980373
Coatesville,Rodney Local Board Area,north,current_reg,386,414,12635,43051,0.9323671497584541,0.9270280965571824,0.9315695338087385
Coatesville,Rodney Local Board Area,north,owner_reg,137,414,12635,43051,0.3309178743961353,0.39746735259200633,0.36059557269285264
Cockle Bay,Howick Local Board Area,east,animal_desexed,279,379,8904,8904,0.7361477572559367,0.6630727762803235,0.6630727762803235
Cockle Bay,Howick Local Board Area,east,classification,6,379,8904,8904,0.0158311345646438,0.037511230907457324,0.037511230907457324
Cockle Bay,Howick Local Board Area,east,current_reg,368,379,8904,8904,0.9709762532981531,0.9174528301886793,0.9174528301886793
Cockle Bay,Howick Local Board Area,east,owner_reg,141,379,8904,8904,0.3720316622691293,0.3314240790655885,0.3314240790655885
Conifer Grove,Papakura Local Board Area,south,animal_desexed,319,513,5967,33754,0.621832358674464,0.5828724652254064,0.560407655388991
Conifer Grove,Papakura Local Board Area,south,classification,29,513,5967,33754,0.056530214424951264,0.08982738394503101,0.10665402618948866
Conifer Grove,Papakura Local Board Area,south,current_reg,463,513,5967,33754,0.9025341130604289,0.8327467739232445,0.8430111986727499
Conifer Grove,Papakura Local Board Area,south,owner_reg,192,513,5967,33754,0.3742690058479532,0.32797050444109266,0.29629080997807666
Cornwallis,Waitākere Ranges Local Board Area,west,animal_desexed,19,26,6064,20046,0.7307692307692307,0.7204815303430079,0.6577870896937045
Cornwallis,Waitākere Ranges Local Board Area,west,classification,2,26,6064,20046,0.07692307692307693,0.033641160949868076,0.05711862715753766
Cornwallis,Waitākere Ranges Local Board Area,west,current_reg,25,26,6064,20046,0.9615384615384616,0.9200197889182058,0.8856629751571385
Cornwallis,Waitākere Ranges Local Board Area,west,owner_reg,10,26,6064,20046,0.38461538461538464,0.34465699208443273,0.305846552928265
Dairy Flat,Rodney Local Board Area,north,animal_desexed,386,601,12635,43051,0.6422628951747088,0.6839730906212901,0.7100648068569836
Dairy Flat,Rodney Local Board Area,north,classification,14,601,12635,43051,0.02329450915141431,0.015116739216462208,0.016979861094980373
Dairy Flat,Rodney Local Board Area,north,current_reg,529,601,12635,43051,0.8801996672212978,0.9270280965571824,0.9315695338087385
Dairy Flat,Rodney Local Board Area,north,owner_reg,187,601,12635,43051,0.31114808652246256,0.39746735259200633,0.36059557269285264
Devonport,Devonport-Takapuna Local Board Area,north,animal_desexed,597,779,4592,43051,0.766367137355584,0.7253919860627178,0.7100648068569836
Devonport,Devonport-Takapuna Local Board Area,north,classification,7,779,4592,43051,0.008985879332477536,0.01524390243902439,0.016979861094980373
Devonport,Devonport-Takapuna Local Board Area,north,current_reg,738,779,4592,43051,0.9473684210526315,0.9368466898954704,0.9315695338087385
Devonport,Devonport-Takapuna Local Board Area,north,owner_reg,229,779,4592,43051,0.2939666238767651,0.28702090592334495,0.36059557269285264
Dome Valley,Rodney Local Board Area,north,animal_desexed,47,80,12635,43051,0.5875,0.6839730906212901,0.7100648068569836
Dome Valley,Rodney Local Board Area,north,classification,1,80,12635,43051,0.0125,0.015116739216462208,0.016979861094980373
Dome Valley,Rodney Local Board Area,north,current_reg,72,80,12635,43051,0.9,0.9270280965571824,0.9315695338087385
Dome Valley,Rodney Local Board Area,north,owner_reg,33,80,12635,43051,0.4125,0.39746735259200633,0.36059557269285264
Drury,Franklin Local Board Area,south,animal_desexed,796,1285,11978,33754,0.619455252918288,0.6668058106528636,0.560407655388991
Drury,Franklin Local Board Area,south,classification,42,1285,11978,33754,0.03268482490272374,0.03414593421272333,0.10665402618948866
Drury,Franklin Local Board Area,south,current_reg,1177,1285,11978,33754,0.9159533073929961,0.9143429620971781,0.8430111986727499
Drury,Franklin Local Board Area,south,owner_reg,593,1285,11978,33754,0.4614785992217899,0.4029888128235098,0.29629080997807666
East Coast Bays,Hibiscus and Bays Local Board Area,north,animal_desexed,1,1,12529,43051,1,0.7449118046132972,0.7100648068569836
East Coast Bays,Hibiscus and Bays Local Board Area,north,classification,0,1,12529,43051,0,0.015005187963923697,0.016979861094980373
East Coast Bays,Hibiscus and Bays Local Board Area,north,current_reg,1,1,12529,43051,1,0.9426929523505467,0.9315695338087385
East Coast Bays,Hibiscus and Bays Local Board Area,north,owner_reg,0,1,12529,43051,0,0.37975895921462205,0.36059557269285264
East Tamaki,Ōtara-Papatoetoe Local Board Area,south,animal_desexed,381,577,5192,33754,0.6603119584055459,0.44895993836671805,0.560407655388991
East Tamaki,Ōtara-Papatoetoe Local Board Area,south,classification,14,577,5192,33754,0.024263431542461005,0.15677966101694915,0.10665402618948866
East Tamaki,Ōtara-Papatoetoe Local Board Area,south,current_reg,534,577,5192,33754,0.925476603119584,0.8164483821263482,0.8430111986727499
East Tamaki,Ōtara-Papatoetoe Local Board Area,south,owner_reg,183,577,5192,33754,0.317157712305026,0.21610169491525424,0.29629080997807666
East Tamaki Heights,Ōtara-Papatoetoe Local Board Area,south,animal_desexed,61,88,5192,33754,0.6931818181818182,0.44895993836671805,0.560407655388991
East Tamaki Heights,Ōtara-Papatoetoe Local Board Area,south,classification,2,88,5192,33754,0.022727272727272728,0.15677966101694915,0.10665402618948866
East Tamaki Heights,Ōtara-Papatoetoe Local Board Area,south,current_reg,84,88,5192,33754,0.9545454545454546,0.8164483821263482,0.8430111986727499
East Tamaki Heights,Ōtara-Papatoetoe Local Board Area,south,owner_reg,24,88,5192,33754,0.2727272727272727,0.21610169491525424,0.29629080997807666
Eastern Beach,Howick Local Board Area,east,animal_desexed,101,145,8904,8904,0.696551724137931,0.6630727762803235,0.6630727762803235
Eastern Beach,Howick Local Board Area,east,classification,0,145,8904,8904,0,0.037511230907457324,0.037511230907457324
Eastern Beach,Howick Local Board Area,east,current_reg,134,145,8904,8904,0.9241379310344827,0.9174528301886793,0.9174528301886793
Eastern Beach,Howick Local Board Area,east,owner_reg,63,145,8904,8904,0.43448275862068964,0.3314240790655885,0.3314240790655885
Eden Terrace,Waitematā Local Board Area,central,animal_desexed,68,101,4310,25368,0.6732673267326733,0.6849187935034803,0.6542100283822138
Eden Terrace,Waitematā Local Board Area,central,classification,5,101,4310,25368,0.04950495049504951,0.013689095127610209,0.03717281614632608
Eden Terrace,Waitematā Local Board Area,central,current_reg,90,101,4310,25368,0.8910891089108911,0.9310904872389791,0.9155234941658783
Eden Terrace,Waitematā Local Board Area,central,owner_reg,25,101,4310,25368,0.24752475247524752,0.23642691415313224,0.2651371807000946
Ellerslie,Ōrākei Local Board Area,central,animal_desexed,458,736,7161,25368,0.6222826086956522,0.6792347437508728,0.6542100283822138
Ellerslie,Ōrākei Local Board Area,central,classification,15,736,7161,25368,0.020380434782608696,0.013685239491691105,0.03717281614632608
Ellerslie,Ōrākei Local Board Area,central,current_reg,685,736,7161,25368,0.9307065217391305,0.9402318111995531,0.9155234941658783
Ellerslie,Ōrākei Local Board Area,central,owner_reg,218,736,7161,25368,0.296195652173913,0.27370478983382207,0.2651371807000946
Epsom,Albert-Eden Local Board Area,central,animal_desexed,622,945,6233,25368,0.6582010582010582,0.673672388897802,0.6542100283822138
Epsom,Albert-Eden Local Board Area,central,classification,16,945,6233,25368,0.016931216931216932,0.027274185785336115,0.03717281614632608
Epsom,Albert-Eden Local Board Area,central,current_reg,897,945,6233,25368,0.9492063492063492,0.9359858815979464,0.9155234941658783
Epsom,Albert-Eden Local Board Area,central,owner_reg,260,945,6233,25368,0.2751322751322751,0.2826889138456602,0.2651371807000946
Fairview Heights,Upper Harbour Local Board Area,north,animal_desexed,115,169,5464,43051,0.6804733727810651,0.7016837481698389,0.7100648068569836
Fairview Heights,Upper Harbour Local Board Area,north,classification,2,169,5464,43051,0.011834319526627219,0.016471449487554905,0.016979861094980373
Fairview Heights,Upper Harbour Local Board Area,north,current_reg,149,169,5464,43051,0.8816568047337278,0.9302708638360175,0.9315695338087385
Fairview Heights,Upper Harbour Local Board Area,north,owner_reg,51,169,5464,43051,0.30177514792899407,0.3444363103953148,0.36059557269285264
Farm Cove,Howick Local Board Area,east,animal_desexed,116,162,8904,8904,0.7160493827160493,0.6630727762803235,0.6630727762803235
Farm Cove,Howick Local Board Area,east,classification,2,162,8904,8904,0.012345679012345678,0.037511230907457324,0.037511230907457324
Farm Cove,Howick Local Board Area,east,current_reg,155,162,8904,8904,0.9567901234567902,0.9174528301886793,0.9174528301886793
Farm Cove,Howick Local Board Area,east,owner_reg,66,162,8904,8904,0.4074074074074074,0.3314240790655885,0.3314240790655885
Favona,Māngere-Ōtāhuhu Local Board Area,south,animal_desexed,135,283,4809,33754,0.47703180212014135,0.45830734040341026,0.560407655388991
Favona,Māngere-Ōtāhuhu Local Board Area,south,classification,76,283,4809,33754,0.26855123674911663,0.1933873986275733,0.10665402618948866
Favona,Māngere-Ōtāhuhu Local Board Area,south,current_reg,202,283,4809,33754,0.7137809187279152,0.769182782283219,0.8430111986727499
Favona,Māngere-Ōtāhuhu Local Board Area,south,owner_reg,47,283,4809,33754,0.16607773851590105,0.15263048450821376,0.29629080997807666
Flat Bush,Howick Local Board Area,east,animal_desexed,874,1518,8904,8904,0.5757575757575758,0.6630727762803235,0.6630727762803235
Flat Bush,Howick Local Board Area,east,classification,89,1518,8904,8904,0.05862977602108037,0.037511230907457324,0.037511230907457324
Flat Bush,Howick Local Board Area,east,current_reg,1364,1518,8904,8904,0.8985507246376812,0.9174528301886793,0.9174528301886793
Flat Bush,Howick Local Board Area,east,owner_reg,393,1518,8904,8904,0.25889328063241107,0.3314240790655885,0.3314240790655885
Forrest Hill,Devonport-Takapuna Local Board Area,north,animal_desexed,404,571,4592,43051,0.7075306479859895,0.7253919860627178,0.7100648068569836
Forrest Hill,Devonport-Takapuna Local Board Area,north,classification,6,571,4592,43051,0.010507880910683012,0.01524390243902439,0.016979861094980373
Forrest Hill,Devonport-Takapuna Local Board Area,north,current_reg,533,571,4592,43051,0.9334500875656743,0.9368466898954704,0.9315695338087385
Forrest Hill,Devonport-Takapuna Local Board Area,north,owner_reg,182,571,4592,43051,0.318739054290718,0.28702090592334495,0.36059557269285264
Freemans Bay,Waitematā Local Board Area,central,animal_desexed,266,361,4310,25368,0.7368421052631579,0.6849187935034803,0.6542100283822138
Freemans Bay,Waitematā Local Board Area,central,classification,4,361,4310,25368,0.0110803324099723,0.013689095127610209,0.03717281614632608
Freemans Bay,Waitematā Local Board Area,central,current_reg,330,361,4310,25368,0.9141274238227147,0.9310904872389791,0.9155234941658783
Freemans Bay,Waitematā Local Board Area,central,owner_reg,93,361,4310,25368,0.25761772853185594,0.23642691415313224,0.2651371807000946
Glen Eden,Waitākere Ranges Local Board Area,west,animal_desexed,1122,1672,6064,20046,0.6710526315789473,0.7204815303430079,0.6577870896937045
Glen Eden,Waitākere Ranges Local Board Area,west,classification,107,1672,6064,20046,0.06399521531100479,0.033641160949868076,0.05711862715753766
Glen Eden,Waitākere Ranges Local Board Area,west,current_reg,1474,1672,6064,20046,0.881578947368421,0.9200197889182058,0.8856629751571385
Glen Eden,Waitākere Ranges Local Board Area,west,owner_reg,515,1672,6064,20046,0.30801435406698563,0.34465699208443273,0.305846552928265
Glen Innes,Maungakiekie-Tāmaki Local Board Area,central,animal_desexed,333,617,5484,25368,0.539708265802269,0.5951859956236324,0.6542100283822138
Glen Innes,Maungakiekie-Tāmaki Local Board Area,central,classification,75,617,5484,25368,0.12155591572123177,0.08460977388767323,0.03717281614632608
Glen Innes,Maungakiekie-Tāmaki Local Board Area,central,current_reg,510,617,5484,25368,0.826580226904376,0.8659737417943107,0.9155234941658783
Glen Innes,Maungakiekie-Tāmaki Local Board Area,central,owner_reg,143,617,5484,25368,0.23176661264181522,0.2671407731582786,0.2651371807000946
Glenbrook,Franklin Local Board Area,south,animal_desexed,258,374,11978,33754,0.6898395721925134,0.6668058106528636,0.560407655388991
Glenbrook,Franklin Local Board Area,south,classification,10,374,11978,33754,0.026737967914438502,0.03414593421272333,0.10665402618948866
Glenbrook,Franklin Local Board Area,south,current_reg,346,374,11978,33754,0.9251336898395722,0.9143429620971781,0.8430111986727499
Glenbrook,Franklin Local Board Area,south,owner_reg,169,374,11978,33754,0.45187165775401067,0.4029888128235098,0.29629080997807666
Glendene,Henderson-Massey Local Board Area,west,animal_desexed,333,518,10288,20046,0.6428571428571429,0.6254860031104199,0.6577870896937045
Glendene,Henderson-Massey Local Board Area,west,classification,28,518,10288,20046,0.05405405405405406,0.06833203732503888,0.05711862715753766
Glendene,Henderson-Massey Local Board Area,west,current_reg,453,518,10288,20046,0.8745173745173745,0.8691679626749611,0.8856629751571385
Glendene,Henderson-Massey Local Board Area,west,owner_reg,184,518,10288,20046,0.3552123552123552,0.29587869362363917,0.305846552928265
Glendowie,Ōrākei Local Board Area,central,animal_desexed,605,838,7161,25368,0.7219570405727923,0.6792347437508728,0.6542100283822138
Glendowie,Ōrākei Local Board Area,central,classification,7,838,7161,25368,0.008353221957040573,0.013685239491691105,0.03717281614632608
Glendowie,Ōrākei Local Board Area,central,current_reg,798,838,7161,25368,0.9522673031026253,0.9402318111995531,0.9155234941658783
Glendowie,Ōrākei Local Board Area,central,owner_reg,260,838,7161,25368,0.31026252983293556,0.27370478983382207,0.2651371807000946
Glenfield,Kaipātiki Local Board Area,north,animal_desexed,656,961,6275,43051,0.6826222684703434,0.7018326693227092,0.7100648068569836
Glenfield,Kaipātiki Local Board Area,north,classification,20,961,6275,43051,0.02081165452653486,0.025816733067729084,0.016979861094980373
Glenfield,Kaipātiki Local Board Area,north,current_reg,881,961,6275,43051,0.9167533818938606,0.9164940239043825,0.9315695338087385
Glenfield,Kaipātiki Local Board Area,north,owner_reg,275,961,6275,43051,0.2861602497398543,0.3244621513944223,0.36059557269285264
Glenvar,Hibiscus and Bays Local Board Area,north,animal_desexed,16,21,12529,43051,0.7619047619047619,0.7449118046132972,0.7100648068569836
Glenvar,Hibiscus and Bays Local Board Area,north,classification,1,21,12529,43051,0.047619047619047616,0.015005187963923697,0.016979861094980373
Glenvar,Hibiscus and Bays Local Board Area,north,current_reg,19,21,12529,43051,0.9047619047619048,0.9426929523505467,0.9315695338087385
Glenvar,Hibiscus and Bays Local Board Area,north,owner_reg,8,21,12529,43051,0.38095238095238093,0.37975895921462205,0.36059557269285264
Glorit,Rodney Local Board Area,north,animal_desexed,24,52,12635,43051,0.46153846153846156,0.6839730906212901,0.7100648068569836
Glorit,Rodney Local Board Area,north,classification,0,52,12635,43051,0,0.015116739216462208,0.016979861094980373
Glorit,Rodney Local Board Area,north,current_reg,49,52,12635,43051,0.9423076923076923,0.9270280965571824,0.9315695338087385
Glorit,Rodney Local Board Area,north,owner_reg,6,52,12635,43051,0.11538461538461539,0.39746735259200633,0.36059557269285264
Goodwood Heights,Manurewa Local Board Area,south,animal_desexed,130,221,5808,33754,0.5882352941176471,0.5020661157024794,0.560407655388991
Goodwood Heights,Manurewa Local Board Area,south,classification,24,221,5808,33754,0.1085972850678733,0.15685261707988982,0.10665402618948866
Goodwood Heights,Manurewa Local Board Area,south,current_reg,191,221,5808,33754,0.8642533936651584,0.7913223140495868,0.8430111986727499
Goodwood Heights,Manurewa Local Board Area,south,owner_reg,71,221,5808,33754,0.3212669683257919,0.23433195592286502,0.29629080997807666
Grafton,Waitematā Local Board Area,central,animal_desexed,52,79,4310,25368,0.6582278481012658,0.6849187935034803,0.6542100283822138
Grafton,Waitematā Local Board Area,central,classification,3,79,4310,25368,0.0379746835443038,0.013689095127610209,0.03717281614632608
Grafton,Waitematā Local Board Area,central,current_reg,70,79,4310,25368,0.8860759493670886,0.9310904872389791,0.9155234941658783
Grafton,Waitematā Local Board Area,central,owner_reg,15,79,4310,25368,0.189873417721519,0.23642691415313224,0.2651371807000946
Great Barrier Island,Aotea/Great Barrier Local Board Area,north,animal_desexed,191,349,349,43051,0.5472779369627507,0.5472779369627507,0.7100648068569836
Great Barrier Island,Aotea/Great Barrier Local Board Area,north,classification,9,349,349,43051,0.025787965616045846,0.025787965616045846,0.016979861094980373
Great Barrier Island,Aotea/Great Barrier Local Board Area,north,current_reg,321,349,349,43051,0.9197707736389685,0.9197707736389685,0.9315695338087385
Great Barrier Island,Aotea/Great Barrier Local Board Area,north,owner_reg,184,349,349,43051,0.5272206303724928,0.5272206303724928,0.36059557269285264
Green Bay,Whau Local Board Area,west,animal_desexed,264,359,3694,20046,0.7353760445682451,0.6448294531672983,0.6577870896937045
Green Bay,Whau Local Board Area,west,classification,10,359,3694,20046,0.027855153203342618,0.06442880346507851,0.05711862715753766
Green Bay,Whau Local Board Area,west,current_reg,315,359,3694,20046,0.8774373259052924,0.8752030319436924,0.8856629751571385
Green Bay,Whau Local Board Area,west,owner_reg,122,359,3694,20046,0.3398328690807799,0.2698971304818625,0.305846552928265
Greenhithe,Upper Harbour Local Board Area,north,animal_desexed,755,1030,5464,43051,0.7330097087378641,0.7016837481698389,0.7100648068569836
Greenhithe,Upper Harbour Local Board Area,north,classification,14,1030,5464,43051,0.013592233009708738,0.016471449487554905,0.016979861094980373
Greenhithe,Upper Harbour Local Board Area,north,current_reg,991,1030,5464,43051,0.962135922330097,0.9302708638360175,0.9315695338087385
Greenhithe,Upper Harbour Local Board Area,north,owner_reg,356,1030,5464,43051,0.34563106796116505,0.3444363103953148,0.36059557269285264
Greenlane,Albert-Eden Local Board Area,central,animal_desexed,250,372,6233,25368,0.6720430107526881,0.673672388897802,0.6542100283822138
Greenlane,Albert-Eden Local Board Area,central,classification,13,372,6233,25368,0.03494623655913978,0.027274185785336115,0.03717281614632608
Greenlane,Albert-Eden Local Board Area,central,current_reg,350,372,6233,25368,0.9408602150537635,0.9359858815979464,0.9155234941658783
Greenlane,Albert-Eden Local Board Area,central,owner_reg,123,372,6233,25368,0.33064516129032256,0.2826889138456602,0.2651371807000946
Grey Lynn,Waitematā Local Board Area,central,animal_desexed,680,1006,4310,25368,0.6759443339960238,0.6849187935034803,0.6542100283822138
Grey Lynn,Waitematā Local Board Area,central,classification,16,1006,4310,25368,0.015904572564612324,0.013689095127610209,0.03717281614632608
Grey Lynn,Waitematā Local Board Area,central,current_reg,949,1006,4310,25368,0.9433399602385686,0.9310904872389791,0.9155234941658783
Grey Lynn,Waitematā Local Board Area,central,owner_reg,252,1006,4310,25368,0.2504970178926441,0.23642691415313224,0.2651371807000946
Half Moon Bay,Howick Local Board Area,east,animal_desexed,309,466,8904,8904,0.6630901287553648,0.6630727762803235,0.6630727762803235
Half Moon Bay,Howick Local Board Area,east,classification,8,466,8904,8904,0.017167381974248927,0.037511230907457324,0.037511230907457324
Half Moon Bay,Howick Local Board Area,east,current_reg,431,466,8904,8904,0.924892703862661,0.9174528301886793,0.9174528301886793
Half Moon Bay,Howick Local Board Area,east,owner_reg,154,466,8904,8904,0.33047210300429186,0.3314240790655885,0.3314240790655885
Haranui,Rodney Local Board Area,north,animal_desexed,7,16,12635,43051,0.4375,0.6839730906212901,0.7100648068569836
Haranui,Rodney Local Board Area,north,classification,2,16,12635,43051,0.125,0.015116739216462208,0.016979861094980373
Haranui,Rodney Local Board Area,north,current_reg,10,16,12635,43051,0.625,0.9270280965571824,0.9315695338087385
Haranui,Rodney Local Board Area,north,owner_reg,0,16,12635,43051,0,0.39746735259200633,0.36059557269285264
Hatfields Beach,Hibiscus and Bays Local Board Area,north,animal_desexed,130,154,12529,43051,0.8441558441558441,0.7449118046132972,0.7100648068569836
Hatfields Beach,Hibiscus and Bays Local Board Area,north,classification,1,154,12529,43051,0.006493506493506494,0.015005187963923697,0.016979861094980373
Hatfields Beach,Hibiscus and Bays Local Board Area,north,current_reg,145,154,12529,43051,0.9415584415584416,0.9426929523505467,0.9315695338087385
Hatfields Beach,Hibiscus and Bays Local Board Area,north,owner_reg,72,154,12529,43051,0.4675324675324675,0.37975895921462205,0.36059557269285264
Hauraki,Devonport-Takapuna Local Board Area,north,animal_desexed,295,435,4592,43051,0.6781609195402298,0.7253919860627178,0.7100648068569836
Hauraki,Devonport-Takapuna Local Board Area,north,classification,6,435,4592,43051,0.013793103448275862,0.01524390243902439,0.016979861094980373
Hauraki,Devonport-Takapuna Local Board Area,north,current_reg,410,435,4592,43051,0.9425287356321839,0.9368466898954704,0.9315695338087385
Hauraki,Devonport-Takapuna Local Board Area,north,owner_reg,133,435,4592,43051,0.3057471264367816,0.28702090592334495,0.36059557269285264
Helensville,Rodney Local Board Area,north,animal_desexed,457,631,12635,43051,0.7242472266244057,0.6839730906212901,0.7100648068569836
Helensville,Rodney Local Board Area,north,classification,16,631,12635,43051,0.025356576862123614,0.015116739216462208,0.016979861094980373
Helensville,Rodney Local Board Area,north,current_reg,580,631,12635,43051,0.919175911251981,0.9270280965571824,0.9315695338087385
Helensville,Rodney Local Board Area,north,owner_reg,273,631,12635,43051,0.4326465927099842,0.39746735259200633,0.36059557269285264
Henderson,Henderson-Massey Local Board Area,west,animal_desexed,1636,2670,10288,20046,0.6127340823970038,0.6254860031104199,0.6577870896937045
Henderson,Henderson-Massey Local Board Area,west,classification,187,2670,10288,20046,0.0700374531835206,0.06833203732503888,0.05711862715753766
Henderson,Henderson-Massey Local Board Area,west,current_reg,2301,2670,10288,20046,0.8617977528089887,0.8691679626749611,0.8856629751571385
Henderson,Henderson-Massey Local Board Area,west,owner_reg,764,2670,10288,20046,0.2861423220973783,0.29587869362363917,0.305846552928265
Henderson Valley,Henderson-Massey Local Board Area,west,animal_desexed,233,335,10288,20046,0.6955223880597015,0.6254860031104199,0.6577870896937045
Henderson Valley,Henderson-Massey Local Board Area,west,classification,8,335,10288,20046,0.023880597014925373,0.06833203732503888,0.05711862715753766
Henderson Valley,Henderson-Massey Local Board Area,west,current_reg,313,335,10288,20046,0.9343283582089552,0.8691679626749611,0.8856629751571385
Henderson Valley,Henderson-Massey Local Board Area,west,owner_reg,142,335,10288,20046,0.42388059701492536,0.29587869362363917,0.305846552928265
Herald Island,Upper Harbour Local Board Area,north,animal_desexed,73,90,5464,43051,0.8111111111111111,0.7016837481698389,0.7100648068569836
Herald Island,Upper Harbour Local Board Area,north,classification,0,90,5464,43051,0,0.016471449487554905,0.016979861094980373
Herald Island,Upper Harbour Local Board Area,north,current_reg,85,90,5464,43051,0.9444444444444444,0.9302708638360175,0.9315695338087385
Herald Island,Upper Harbour Local Board Area,north,owner_reg,31,90,5464,43051,0.34444444444444444,0.3444363103953148,0.36059557269285264
Herne Bay,Waitematā Local Board Area,central,animal_desexed,276,420,4310,25368,0.6571428571428571,0.6849187935034803,0.6542100283822138
Herne Bay,Waitematā Local Board Area,central,classification,2,420,4310,25368,0.004761904761904762,0.013689095127610209,0.03717281614632608
Herne Bay,Waitematā Local Board Area,central,current_reg,393,420,4310,25368,0.9357142857142857,0.9310904872389791,0.9155234941658783
Herne Bay,Waitematā Local Board Area,central,owner_reg,88,420,4310,25368,0.20952380952380953,0.23642691415313224,0.2651371807000946
Highland Park,Howick Local Board Area,east,animal_desexed,388,569,8904,8904,0.6818980667838312,0.6630727762803235,0.6630727762803235
Highland Park,Howick Local Board Area,east,classification,25,569,8904,8904,0.043936731107205626,0.037511230907457324,0.037511230907457324
Highland Park,Howick Local Board Area,east,current_reg,515,569,8904,8904,0.9050966608084359,0.9174528301886793,0.9174528301886793
Highland Park,Howick Local Board Area,east,owner_reg,197,569,8904,8904,0.3462214411247803,0.3314240790655885,0.3314240790655885
Hill Park,Manurewa Local Board Area,south,animal_desexed,176,270,5808,33754,0.6518518518518519,0.5020661157024794,0.560407655388991
Hill Park,Manurewa Local Board Area,south,classification,15,270,5808,33754,0.05555555555555555,0.15685261707988982,0.10665402618948866
Hill Park,Manurewa Local Board Area,south,current_reg,233,270,5808,33754,0.8629629629629629,0.7913223140495868,0.8430111986727499
Hill Park,Manurewa Local Board Area,south,owner_reg,103,270,5808,33754,0.3814814814814815,0.23433195592286502,0.29629080997807666
Hillcrest,Kaipātiki Local Board Area,north,animal_desexed,452,651,6275,43051,0.6943164362519201,0.7018326693227092,0.7100648068569836
Hillcrest,Kaipātiki Local Board Area,north,classification,13,651,6275,43051,0.019969278033794162,0.025816733067729084,0.016979861094980373
Hillcrest,Kaipātiki Local Board Area,north,current_reg,605,651,6275,43051,0.9293394777265745,0.9164940239043825,0.9315695338087385
Hillcrest,Kaipātiki Local Board Area,north,owner_reg,219,651,6275,43051,0.33640552995391704,0.3244621513944223,0.36059557269285264
Hillsborough,Puketāpapa Local Board Area,central,animal_desexed,295,468,2180,25368,0.6303418803418803,0.6041284403669724,0.6542100283822138
Hillsborough,Puketāpapa Local Board Area,central,classification,16,468,2180,25368,0.03418803418803419,0.06972477064220184,0.03717281614632608
Hillsborough,Puketāpapa Local Board Area,central,current_reg,422,468,2180,25368,0.9017094017094017,0.8697247706422019,0.9155234941658783
Hillsborough,Puketāpapa Local Board Area,central,owner_reg,123,468,2180,25368,0.26282051282051283,0.23853211009174313,0.2651371807000946
Hingaia,Papakura Local Board Area,south,animal_desexed,304,469,5967,33754,0.6481876332622601,0.5828724652254064,0.560407655388991
Hingaia,Papakura Local Board Area,south,classification,13,469,5967,33754,0.02771855010660981,0.08982738394503101,0.10665402618948866
Hingaia,Papakura Local Board Area,south,current_reg,440,469,5967,33754,0.9381663113006397,0.8327467739232445,0.8430111986727499
Hingaia,Papakura Local Board Area,south,owner_reg,184,469,5967,33754,0.39232409381663114,0.32797050444109266,0.29629080997807666
Hobbs Bay,Hibiscus and Bays Local Board Area,north,animal_desexed,528,719,12529,43051,0.7343532684283728,0.7449118046132972,0.7100648068569836
Hobbs Bay,Hibiscus and Bays Local Board Area,north,classification,11,719,12529,43051,0.015299026425591099,0.015005187963923697,0.016979861094980373
Hobbs Bay,Hibiscus and Bays Local Board Area,north,current_reg,671,719,12529,43051,0.933240611961057,0.9426929523505467,0.9315695338087385
Hobbs Bay,Hibiscus and Bays Local Board Area,north,owner_reg,289,719,12529,43051,0.4019471488178025,0.37975895921462205,0.36059557269285264
Hobsonville,Upper Harbour Local Board Area,north,animal_desexed,836,1217,5464,43051,0.6869350862777321,0.7016837481698389,0.7100648068569836
Hobsonville,Upper Harbour Local Board Area,north,classification,16,1217,5464,43051,0.01314708299096138,0.016471449487554905,0.016979861094980373
Hobsonville,Upper Harbour Local Board Area,north,current_reg,1152,1217,5464,43051,0.9465899753492194,0.9302708638360175,0.9315695338087385
Hobsonville,Upper Harbour Local Board Area,north,owner_reg,420,1217,5464,43051,0.3451109285127362,0.3444363103953148,0.36059557269285264
Hoteo,Rodney Local Board Area,north,animal_desexed,8,21,12635,43051,0.38095238095238093,0.6839730906212901,0.7100648068569836
Hoteo,Rodney Local Board Area,north,classification,0,21,12635,43051,0,0.015116739216462208,0.016979861094980373
Hoteo,Rodney Local Board Area,north,current_reg,21,21,12635,43051,1,0.9270280965571824,0.9315695338087385
Hoteo,Rodney Local Board Area,north,owner_reg,5,21,12635,43051,0.23809523809523808,0.39746735259200633,0.36059557269285264
Hoteo North,Rodney Local Board Area,north,animal_desexed,25,65,12635,43051,0.38461538461538464,0.6839730906212901,0.7100648068569836
Hoteo North,Rodney Local Board Area,north,classification,1,65,12635,43051,0.015384615384615385,0.015116739216462208,0.016979861094980373
Hoteo North,Rodney Local Board Area,north,current_reg,60,65,12635,43051,0.9230769230769231,0.9270280965571824,0.9315695338087385
Hoteo North,Rodney Local Board Area,north,owner_reg,17,65,12635,43051,0.26153846153846155,0.39746735259200633,0.36059557269285264
Howick,Howick Local Board Area,east,animal_desexed,1330,1873,8904,8904,0.7100907634810465,0.6630727762803235,0.6630727762803235
Howick,Howick Local Board Area,east,classification,45,1873,8904,8904,0.02402562733582488,0.037511230907457324,0.037511230907457324
Howick,Howick Local Board Area,east,current_reg,1744,1873,8904,8904,0.9311265349706354,0.9174528301886793,0.9174528301886793
Howick,Howick Local Board Area,east,owner_reg,675,1873,8904,8904,0.3603844100373732,0.3314240790655885,0.3314240790655885
Huapai,Rodney Local Board Area,north,animal_desexed,819,1121,12635,43051,0.7305976806422837,0.6839730906212901,0.7100648068569836
Huapai,Rodney Local Board Area,north,classification,21,1121,12635,43051,0.01873327386262266,0.015116739216462208,0.016979861094980373
Huapai,Rodney Local Board Area,north,current_reg,1046,1121,12635,43051,0.9330954504906334,0.9270280965571824,0.9315695338087385
Huapai,Rodney Local Board Area,north,owner_reg,476,1121,12635,43051,0.42462087421944694,0.39746735259200633,0.36059557269285264
Huia,Waitākere Ranges Local Board Area,west,animal_desexed,80,110,6064,20046,0.7272727272727273,0.7204815303430079,0.6577870896937045
Huia,Waitākere Ranges Local Board Area,west,classification,1,110,6064,20046,0.00909090909090909,0.033641160949868076,0.05711862715753766
Huia,Waitākere Ranges Local Board Area,west,current_reg,97,110,6064,20046,0.8818181818181818,0.9200197889182058,0.8856629751571385
Huia,Waitākere Ranges Local Board Area,west,owner_reg,39,110,6064,20046,0.35454545454545455,0.34465699208443273,0.305846552928265
Jamieson Bay,Rodney Local Board Area,north,animal_desexed,12,15,12635,43051,0.8,0.6839730906212901,0.7100648068569836
Jamieson Bay,Rodney Local Board Area,north,classification,0,15,12635,43051,0,0.015116739216462208,0.016979861094980373
Jamieson Bay,Rodney Local Board Area,north,current_reg,13,15,12635,43051,0.8666666666666667,0.9270280965571824,0.9315695338087385
Jamieson Bay,Rodney Local Board Area,north,owner_reg,4,15,12635,43051,0.26666666666666666,0.39746735259200633,0.36059557269285264
Kaipara Flats,Rodney Local Board Area,north,animal_desexed,41,77,12635,43051,0.5324675324675324,0.6839730906212901,0.7100648068569836
Kaipara Flats,Rodney Local Board Area,north,classification,1,77,12635,43051,0.012987012987012988,0.015116739216462208,0.016979861094980373
Kaipara Flats,Rodney Local Board Area,north,current_reg,74,77,12635,43051,0.961038961038961,0.9270280965571824,0.9315695338087385
Kaipara Flats,Rodney Local Board Area,north,owner_reg,28,77,12635,43051,0.36363636363636365,0.39746735259200633,0.36059557269285264
Kaipara Hills,Rodney Local Board Area,north,animal_desexed,27,41,12635,43051,0.6585365853658537,0.6839730906212901,0.7100648068569836
Kaipara Hills,Rodney Local Board Area,north,classification,1,41,12635,43051,0.024390243902439025,0.015116739216462208,0.016979861094980373
Kaipara Hills,Rodney Local Board Area,north,current_reg,39,41,12635,43051,0.9512195121951219,0.9270280965571824,0.9315695338087385
Kaipara Hills,Rodney Local Board Area,north,owner_reg,10,41,12635,43051,0.24390243902439024,0.39746735259200633,0.36059557269285264
Kakanui,Rodney Local Board Area,north,animal_desexed,18,30,12635,43051,0.6,0.6839730906212901,0.7100648068569836
Kakanui,Rodney Local Board Area,north,classification,3,30,12635,43051,0.1,0.015116739216462208,0.016979861094980373
Kakanui,Rodney Local Board Area,north,current_reg,21,30,12635,43051,0.7,0.9270280965571824,0.9315695338087385
Kakanui,Rodney Local Board Area,north,owner_reg,12,30,12635,43051,0.4,0.39746735259200633,0.36059557269285264
Kanohi,Rodney Local Board Area,north,animal_desexed,56,109,12635,43051,0.5137614678899083,0.6839730906212901,0.7100648068569836
Kanohi,Rodney Local Board Area,north,classification,0,109,12635,43051,0,0.015116739216462208,0.016979861094980373
Kanohi,Rodney Local Board Area,north,current_reg,105,109,12635,43051,0.963302752293578,0.9270280965571824,0.9315695338087385
Kanohi,Rodney Local Board Area,north,owner_reg,38,109,12635,43051,0.3486238532110092,0.39746735259200633,0.36059557269285264
Karaka,Franklin Local Board Area,south,animal_desexed,70,96,11978,33754,0.7291666666666666,0.6668058106528636,0.560407655388991
Karaka,Franklin Local Board Area,south,classification,0,96,11978,33754,0,0.03414593421272333,0.10665402618948866
Karaka,Franklin Local Board Area,south,current_reg,94,96,11978,33754,0.9791666666666666,0.9143429620971781,0.8430111986727499
Karaka,Franklin Local Board Area,south,owner_reg,34,96,11978,33754,0.3541666666666667,0.4029888128235098,0.29629080997807666
Karekare,Waitākere Ranges Local Board Area,west,animal_desexed,40,52,6064,20046,0.7692307692307693,0.7204815303430079,0.6577870896937045
Karekare,Waitākere Ranges Local Board Area,west,classification,1,52,6064,20046,0.019230769230769232,0.033641160949868076,0.05711862715753766
Karekare,Waitākere Ranges Local Board Area,west,current_reg,43,52,6064,20046,0.8269230769230769,0.9200197889182058,0.8856629751571385
Karekare,Waitākere Ranges Local Board Area,west,owner_reg,6,52,6064,20046,0.11538461538461539,0.34465699208443273,0.305846552928265
Kaukapakapa,Rodney Local Board Area,north,animal_desexed,358,483,12635,43051,0.7412008281573499,0.6839730906212901,0.7100648068569836
Kaukapakapa,Rodney Local Board Area,north,classification,6,483,12635,43051,0.012422360248447204,0.015116739216462208,0.016979861094980373
Kaukapakapa,Rodney Local Board Area,north,current_reg,462,483,12635,43051,0.9565217391304348,0.9270280965571824,0.9315695338087385
Kaukapakapa,Rodney Local Board Area,north,owner_reg,236,483,12635,43051,0.4886128364389234,0.39746735259200633,0.36059557269285264
Kawakawa Bay,Franklin Local Board Area,south,animal_desexed,41,63,11978,33754,0.6507936507936508,0.6668058106528636,0.560407655388991
Kawakawa Bay,Franklin Local Board Area,south,classification,1,63,11978,33754,0.015873015873015872,0.03414593421272333,0.10665402618948866
Kawakawa Bay,Franklin Local Board Area,south,current_reg,58,63,11978,33754,0.9206349206349206,0.9143429620971781,0.8430111986727499
Kawakawa Bay,Franklin Local Board Area,south,owner_reg,27,63,11978,33754,0.42857142857142855,0.4029888128235098,0.29629080997807666
Kelston,Whau Local Board Area,west,animal_desexed,176,299,3694,20046,0.5886287625418061,0.6448294531672983,0.6577870896937045
Kelston,Whau Local Board Area,west,classification,36,299,3694,20046,0.12040133779264214,0.06442880346507851,0.05711862715753766
Kelston,Whau Local Board Area,west,current_reg,246,299,3694,20046,0.822742474916388,0.8752030319436924,0.8856629751571385
Kelston,Whau Local Board Area,west,owner_reg,56,299,3694,20046,0.18729096989966554,0.2698971304818625,0.305846552928265
Kingsland,Albert-Eden Local Board Area,central,animal_desexed,222,326,6233,25368,0.6809815950920245,0.673672388897802,0.6542100283822138
Kingsland,Albert-Eden Local Board Area,central,classification,6,326,6233,25368,0.018404907975460124,0.027274185785336115,0.03717281614632608
Kingsland,Albert-Eden Local Board Area,central,current_reg,299,326,6233,25368,0.9171779141104295,0.9359858815979464,0.9155234941658783
Kingsland,Albert-Eden Local Board Area,central,owner_reg,74,326,6233,25368,0.22699386503067484,0.2826889138456602,0.2651371807000946
Kiwitahi,Rodney Local Board Area,north,animal_desexed,106,156,12635,43051,0.6794871794871795,0.6839730906212901,0.7100648068569836
Kiwitahi,Rodney Local Board Area,north,classification,1,156,12635,43051,0.00641025641025641,0.015116739216462208,0.016979861094980373
Kiwitahi,Rodney Local Board Area,north,current_reg,149,156,12635,43051,0.9551282051282052,0.9270280965571824,0.9315695338087385
Kiwitahi,Rodney Local Board Area,north,owner_reg,76,156,12635,43051,0.48717948717948717,0.39746735259200633,0.36059557269285264
Kohimarama,Ōrākei Local Board Area,central,animal_desexed,366,533,7161,25368,0.6866791744840526,0.6792347437508728,0.6542100283822138
Kohimarama,Ōrākei Local Board Area,central,classification,7,533,7161,25368,0.013133208255159476,0.013685239491691105,0.03717281614632608
Kohimarama,Ōrākei Local Board Area,central,current_reg,508,533,7161,25368,0.9530956848030019,0.9402318111995531,0.9155234941658783
Kohimarama,Ōrākei Local Board Area,central,owner_reg,160,533,7161,25368,0.300187617260788,0.27370478983382207,0.2651371807000946
Komokoriki,Rodney Local Board Area,north,animal_desexed,54,103,12635,43051,0.5242718446601942,0.6839730906212901,0.7100648068569836
Komokoriki,Rodney Local Board Area,north,classification,0,103,12635,43051,0,0.015116739216462208,0.016979861094980373
Komokoriki,Rodney Local Board Area,north,current_reg,92,103,12635,43051,0.8932038834951457,0.9270280965571824,0.9315695338087385
Komokoriki,Rodney Local Board Area,north,owner_reg,21,103,12635,43051,0.20388349514563106,0.39746735259200633,0.36059557269285264
Kourawhero,Rodney Local Board Area,north,animal_desexed,39,55,12635,43051,0.7090909090909091,0.6839730906212901,0.7100648068569836
Kourawhero,Rodney Local Board Area,north,classification,0,55,12635,43051,0,0.015116739216462208,0.016979861094980373
Kourawhero,Rodney Local Board Area,north,current_reg,51,55,12635,43051,0.9272727272727272,0.9270280965571824,0.9315695338087385
Kourawhero,Rodney Local Board Area,north,owner_reg,23,55,12635,43051,0.41818181818181815,0.39746735259200633,0.36059557269285264
Kumeu,Rodney Local Board Area,north,animal_desexed,199,294,12635,43051,0.6768707482993197,0.6839730906212901,0.7100648068569836
Kumeu,Rodney Local Board Area,north,classification,6,294,12635,43051,0.02040816326530612,0.015116739216462208,0.016979861094980373
Kumeu,Rodney Local Board Area,north,current_reg,264,294,12635,43051,0.8979591836734694,0.9270280965571824,0.9315695338087385
Kumeu,Rodney Local Board Area,north,owner_reg,117,294,12635,43051,0.3979591836734694,0.39746735259200633,0.36059557269285264
Laingholm,Waitākere Ranges Local Board Area,west,animal_desexed,254,337,6064,20046,0.7537091988130564,0.7204815303430079,0.6577870896937045
Laingholm,Waitākere Ranges Local Board Area,west,classification,4,337,6064,20046,0.011869436201780416,0.033641160949868076,0.05711862715753766
Laingholm,Waitākere Ranges Local Board Area,west,current_reg,317,337,6064,20046,0.9406528189910979,0.9200197889182058,0.8856629751571385
Laingholm,Waitākere Ranges Local Board Area,west,owner_reg,99,337,6064,20046,0.29376854599406527,0.34465699208443273,0.305846552928265
Leigh,Rodney Local Board Area,north,animal_desexed,39,56,12635,43051,0.6964285714285714,0.6839730906212901,0.7100648068569836
Leigh,Rodney Local Board Area,north,classification,3,56,12635,43051,0.05357142857142857,0.015116739216462208,0.016979861094980373
Leigh,Rodney Local Board Area,north,current_reg,53,56,12635,43051,0.9464285714285714,0.9270280965571824,0.9315695338087385
Leigh,Rodney Local Board Area,north,owner_reg,18,56,12635,43051,0.32142857142857145,0.39746735259200633,0.36059557269285264
Long Bay,Hibiscus and Bays Local Board Area,north,animal_desexed,239,352,12529,43051,0.6789772727272727,0.7449118046132972,0.7100648068569836
Long Bay,Hibiscus and Bays Local Board Area,north,classification,1,352,12529,43051,0.002840909090909091,0.015005187963923697,0.016979861094980373
Long Bay,Hibiscus and Bays Local Board Area,north,current_reg,335,352,12529,43051,0.9517045454545454,0.9426929523505467,0.9315695338087385
Long Bay,Hibiscus and Bays Local Board Area,north,owner_reg,110,352,12529,43051,0.3125,0.37975895921462205,0.36059557269285264
Lucas Heights,Upper Harbour Local Board Area,north,animal_desexed,99,154,5464,43051,0.6428571428571429,0.7016837481698389,0.7100648068569836
Lucas Heights,Upper Harbour Local Board Area,north,classification,3,154,5464,43051,0.01948051948051948,0.016471449487554905,0.016979861094980373
Lucas Heights,Upper Harbour Local Board Area,north,current_reg,140,154,5464,43051,0.9090909090909091,0.9302708638360175,0.9315695338087385
Lucas Heights,Upper Harbour Local Board Area,north,owner_reg,67,154,5464,43051,0.43506493506493504,0.3444363103953148,0.36059557269285264
Lynfield,Puketāpapa Local Board Area,central,animal_desexed,119,169,2180,25368,0.7041420118343196,0.6041284403669724,0.6542100283822138
Lynfield,Puketāpapa Local Board Area,central,classification,7,169,2180,25368,0.04142011834319527,0.06972477064220184,0.03717281614632608
Lynfield,Puketāpapa Local Board Area,central,current_reg,159,169,2180,25368,0.9408284023668639,0.8697247706422019,0.9155234941658783
Lynfield,Puketāpapa Local Board Area,central,owner_reg,51,169,2180,25368,0.30177514792899407,0.23853211009174313,0.2651371807000946
Mahurangi West,Rodney Local Board Area,north,animal_desexed,23,31,12635,43051,0.7419354838709677,0.6839730906212901,0.7100648068569836
Mahurangi West,Rodney Local Board Area,north,classification,1,31,12635,43051,0.03225806451612903,0.015116739216462208,0.016979861094980373
Mahurangi West,Rodney Local Board Area,north,current_reg,29,31,12635,43051,0.9354838709677419,0.9270280965571824,0.9315695338087385
Mahurangi West,Rodney Local Board Area,north,owner_reg,12,31,12635,43051,0.3870967741935484,0.39746735259200633,0.36059557269285264
Mairangi Bay,Hibiscus and Bays Local Board Area,north,animal_desexed,330,469,12529,43051,0.7036247334754797,0.7449118046132972,0.7100648068569836
Mairangi Bay,Hibiscus and Bays Local Board Area,north,classification,6,469,12529,43051,0.01279317697228145,0.015005187963923697,0.016979861094980373
Mairangi Bay,Hibiscus and Bays Local Board Area,north,current_reg,442,469,12529,43051,0.9424307036247335,0.9426929523505467,0.9315695338087385
Mairangi Bay,Hibiscus and Bays Local Board Area,north,owner_reg,135,469,12529,43051,0.2878464818763326,0.37975895921462205,0.36059557269285264
Mairetahi,Rodney Local Board Area,north,animal_desexed,124,178,12635,43051,0.6966292134831461,0.6839730906212901,0.7100648068569836
Mairetahi,Rodney Local Board Area,north,classification,0,178,12635,43051,0,0.015116739216462208,0.016979861094980373
Mairetahi,Rodney Local Board Area,north,current_reg,158,178,12635,43051,0.8876404494382022,0.9270280965571824,0.9315695338087385
Mairetahi,Rodney Local Board Area,north,owner_reg,81,178,12635,43051,0.4550561797752809,0.39746735259200633,0.36059557269285264
Makarau,Rodney Local Board Area,north,animal_desexed,111,175,12635,43051,0.6342857142857142,0.6839730906212901,0.7100648068569836
Makarau,Rodney Local Board Area,north,classification,0,175,12635,43051,0,0.015116739216462208,0.016979861094980373
Makarau,Rodney Local Board Area,north,current_reg,160,175,12635,43051,0.9142857142857143,0.9270280965571824,0.9315695338087385
Makarau,Rodney Local Board Area,north,owner_reg,62,175,12635,43051,0.35428571428571426,0.39746735259200633,0.36059557269285264
Mangakura,Rodney Local Board Area,north,animal_desexed,4,30,12635,43051,0.13333333333333333,0.6839730906212901,0.7100648068569836
Mangakura,Rodney Local Board Area,north,classification,0,30,12635,43051,0,0.015116739216462208,0.016979861094980373
Mangakura,Rodney Local Board Area,north,current_reg,25,30,12635,43051,0.8333333333333334,0.9270280965571824,0.9315695338087385
Mangakura,Rodney Local Board Area,north,owner_reg,12,30,12635,43051,0.4,0.39746735259200633,0.36059557269285264
Mangere,Māngere-Ōtāhuhu Local Board Area,south,animal_desexed,672,1614,4809,33754,0.4163568773234201,0.45830734040341026,0.560407655388991
Mangere,Māngere-Ōtāhuhu Local Board Area,south,classification,388,1614,4809,33754,0.24039653035935563,0.1933873986275733,0.10665402618948866
Mangere,Māngere-Ōtāhuhu Local Board Area,south,current_reg,1173,1614,4809,33754,0.7267657992565055,0.769182782283219,0.8430111986727499
Mangere,Māngere-Ōtāhuhu Local Board Area,south,owner_reg,164,1614,4809,33754,0.10161090458488228,0.15263048450821376,0.29629080997807666
Mangere Bridge,Māngere-Ōtāhuhu Local Board Area,south,animal_desexed,538,800,4809,33754,0.6725,0.45830734040341026,0.560407655388991
Mangere Bridge,Māngere-Ōtāhuhu Local Board Area,south,classification,63,800,4809,33754,0.07875,0.1933873986275733,0.10665402618948866
Mangere Bridge,Māngere-Ōtāhuhu Local Board Area,south,current_reg,712,800,4809,33754,0.89,0.769182782283219,0.8430111986727499
Mangere Bridge,Māngere-Ōtāhuhu Local Board Area,south,owner_reg,255,800,4809,33754,0.31875,0.15263048450821376,0.29629080997807666
Mangere East,Māngere-Ōtāhuhu Local Board Area,south,animal_desexed,546,1388,4809,33754,0.39337175792507206,0.45830734040341026,0.560407655388991
Mangere East,Māngere-Ōtāhuhu Local Board Area,south,classification,290,1388,4809,33754,0.20893371757925072,0.1933873986275733,0.10665402618948866
Mangere East,Māngere-Ōtāhuhu Local Board Area,south,current_reg,1030,1388,4809,33754,0.7420749279538905,0.769182782283219,0.8430111986727499
Mangere East,Māngere-Ōtāhuhu Local Board Area,south,owner_reg,148,1388,4809,33754,0.10662824207492795,0.15263048450821376,0.29629080997807666
Manly,Hibiscus and Bays Local Board Area,north,animal_desexed,576,739,12529,43051,0.7794316644113667,0.7449118046132972,0.7100648068569836
Manly,Hibiscus and Bays Local Board Area,north,classification,12,739,12529,43051,0.016238159675236806,0.015005187963923697,0.016979861094980373
Manly,Hibiscus and Bays Local Board Area,north,current_reg,685,739,12529,43051,0.9269282814614344,0.9426929523505467,0.9315695338087385
Manly,Hibiscus and Bays Local Board Area,north,owner_reg,298,739,12529,43051,0.40324763193504737,0.37975895921462205,0.36059557269285264
Manukau Central,Ōtara-Papatoetoe Local Board Area,south,animal_desexed,343,826,5192,33754,0.4152542372881356,0.44895993836671805,0.560407655388991
Manukau Central,Ōtara-Papatoetoe Local Board Area,south,classification,75,826,5192,33754,0.09079903147699758,0.15677966101694915,0.10665402618948866
Manukau Central,Ōtara-Papatoetoe Local Board Area,south,current_reg,712,826,5192,33754,0.8619854721549637,0.8164483821263482,0.8430111986727499
Manukau Central,Ōtara-Papatoetoe Local Board Area,south,owner_reg,396,826,5192,33754,0.4794188861985472,0.21610169491525424,0.29629080997807666
Manurewa,Manurewa Local Board Area,south,animal_desexed,1357,2959,5808,33754,0.45860087867522814,0.5020661157024794,0.560407655388991
Manurewa,Manurewa Local Board Area,south,classification,558,2959,5808,33754,0.1885772220344711,0.15685261707988982,0.10665402618948866
Manurewa,Manurewa Local Board Area,south,current_reg,2237,2959,5808,33754,0.7559986481919567,0.7913223140495868,0.8430111986727499
Manurewa,Manurewa Local Board Area,south,owner_reg,537,2959,5808,33754,0.18148022980736736,0.23433195592286502,0.29629080997807666
Manurewa East,Manurewa Local Board Area,south,animal_desexed,6,11,5808,33754,0.5454545454545454,0.5020661157024794,0.560407655388991
Manurewa East,Manurewa Local Board Area,south,classification,0,11,5808,33754,0,0.15685261707988982,0.10665402618948866
Manurewa East,Manurewa Local Board Area,south,current_reg,10,11,5808,33754,0.9090909090909091,0.7913223140495868,0.8430111986727499
Manurewa East,Manurewa Local Board Area,south,owner_reg,4,11,5808,33754,0.36363636363636365,0.23433195592286502,0.29629080997807666
Maraetai,Franklin Local Board Area,south,animal_desexed,262,352,11978,33754,0.7443181818181818,0.6668058106528636,0.560407655388991
Maraetai,Franklin Local Board Area,south,classification,5,352,11978,33754,0.014204545454545454,0.03414593421272333,0.10665402618948866
Maraetai,Franklin Local Board Area,south,current_reg,336,352,11978,33754,0.9545454545454546,0.9143429620971781,0.8430111986727499
Maraetai,Franklin Local Board Area,south,owner_reg,137,352,11978,33754,0.38920454545454547,0.4029888128235098,0.29629080997807666
Martins Bay,Rodney Local Board Area,north,animal_desexed,14,19,12635,43051,0.7368421052631579,0.6839730906212901,0.7100648068569836
Martins Bay,Rodney Local Board Area,north,classification,0,19,12635,43051,0,0.015116739216462208,0.016979861094980373
Martins Bay,Rodney Local Board Area,north,current_reg,18,19,12635,43051,0.9473684210526315,0.9270280965571824,0.9315695338087385
Martins Bay,Rodney Local Board Area,north,owner_reg,10,19,12635,43051,0.5263157894736842,0.39746735259200633,0.36059557269285264
Massey,Henderson-Massey Local Board Area,west,animal_desexed,1378,2305,10288,20046,0.5978308026030369,0.6254860031104199,0.6577870896937045
Massey,Henderson-Massey Local Board Area,west,classification,219,2305,10288,20046,0.09501084598698481,0.06833203732503888,0.05711862715753766
Massey,Henderson-Massey Local Board Area,west,current_reg,1957,2305,10288,20046,0.8490238611713666,0.8691679626749611,0.8856629751571385
Massey,Henderson-Massey Local Board Area,west,owner_reg,646,2305,10288,20046,0.28026030368763555,0.29587869362363917,0.305846552928265
Matakana,Rodney Local Board Area,north,animal_desexed,190,279,12635,43051,0.6810035842293907,0.6839730906212901,0.7100648068569836
Matakana,Rodney Local Board Area,north,classification,2,279,12635,43051,0.007168458781362007,0.015116739216462208,0.016979861094980373
Matakana,Rodney Local Board Area,north,current_reg,259,279,12635,43051,0.9283154121863799,0.9270280965571824,0.9315695338087385
Matakana,Rodney Local Board Area,north,owner_reg,96,279,12635,43051,0.34408602150537637,0.39746735259200633,0.36059557269285264
Matakatia,Hibiscus and Bays Local Board Area,north,animal_desexed,75,96,12529,43051,0.78125,0.7449118046132972,0.7100648068569836
Matakatia,Hibiscus and Bays Local Board Area,north,classification,1,96,12529,43051,0.010416666666666666,0.015005187963923697,0.016979861094980373
Matakatia,Hibiscus and Bays Local Board Area,north,current_reg,94,96,12529,43051,0.9791666666666666,0.9426929523505467,0.9315695338087385
Matakatia,Hibiscus and Bays Local Board Area,north,owner_reg,33,96,12529,43051,0.34375,0.37975895921462205,0.36059557269285264
Matheson Bay,Rodney Local Board Area,north,animal_desexed,29,39,12635,43051,0.7435897435897436,0.6839730906212901,0.7100648068569836
Matheson Bay,Rodney Local Board Area,north,classification,2,39,12635,43051,0.05128205128205128,0.015116739216462208,0.016979861094980373
Matheson Bay,Rodney Local Board Area,north,current_reg,33,39,12635,43051,0.8461538461538461,0.9270280965571824,0.9315695338087385
Matheson Bay,Rodney Local Board Area,north,owner_reg,15,39,12635,43051,0.38461538461538464,0.39746735259200633,0.36059557269285264
Mauku,Franklin Local Board Area,south,animal_desexed,5,23,11978,33754,0.21739130434782608,0.6668058106528636,0.560407655388991
Mauku,Franklin Local Board Area,south,classification,0,23,11978,33754,0,0.03414593421272333,0.10665402618948866
Mauku,Franklin Local Board Area,south,current_reg,23,23,11978,33754,1,0.9143429620971781,0.8430111986727499
Mauku,Franklin Local Board Area,south,owner_reg,15,23,11978,33754,0.6521739130434783,0.4029888128235098,0.29629080997807666
Meadowbank,Ōrākei Local Board Area,central,animal_desexed,384,522,7161,25368,0.735632183908046,0.6792347437508728,0.6542100283822138
Meadowbank,Ōrākei Local Board Area,central,classification,9,522,7161,25368,0.017241379310344827,0.013685239491691105,0.03717281614632608
Meadowbank,Ōrākei Local Board Area,central,current_reg,495,522,7161,25368,0.9482758620689655,0.9402318111995531,0.9155234941658783
Meadowbank,Ōrākei Local Board Area,central,owner_reg,164,522,7161,25368,0.31417624521072796,0.27370478983382207,0.2651371807000946
Mellons Bay,Howick Local Board Area,east,animal_desexed,270,368,8904,8904,0.7336956521739131,0.6630727762803235,0.6630727762803235
Mellons Bay,Howick Local Board Area,east,classification,6,368,8904,8904,0.016304347826086956,0.037511230907457324,0.037511230907457324
Mellons Bay,Howick Local Board Area,east,current_reg,353,368,8904,8904,0.9592391304347826,0.9174528301886793,0.9174528301886793
Mellons Bay,Howick Local Board Area,east,owner_reg,151,368,8904,8904,0.41032608695652173,0.3314240790655885,0.3314240790655885
Milford,Devonport-Takapuna Local Board Area,north,animal_desexed,396,544,4592,43051,0.7279411764705882,0.7253919860627178,0.7100648068569836
Milford,Devonport-Takapuna Local Board Area,north,classification,6,544,4592,43051,0.011029411764705883,0.01524390243902439,0.016979861094980373
Milford,Devonport-Takapuna Local Board Area,north,current_reg,499,544,4592,43051,0.9172794117647058,0.9368466898954704,0.9315695338087385
Milford,Devonport-Takapuna Local Board Area,north,owner_reg,146,544,4592,43051,0.26838235294117646,0.28702090592334495,0.36059557269285264
Mission Bay,Ōrākei Local Board Area,central,animal_desexed,279,415,7161,25368,0.672289156626506,0.6792347437508728,0.6542100283822138
Mission Bay,Ōrākei Local Board Area,central,classification,7,415,7161,25368,0.016867469879518072,0.013685239491691105,0.03717281614632608
Mission Bay,Ōrākei Local Board Area,central,current_reg,391,415,7161,25368,0.9421686746987952,0.9402318111995531,0.9155234941658783
Mission Bay,Ōrākei Local Board Area,central,owner_reg,107,415,7161,25368,0.25783132530120484,0.27370478983382207,0.2651371807000946
Morningside,Albert-Eden Local Board Area,central,animal_desexed,2,4,6233,25368,0.5,0.673672388897802,0.6542100283822138
Morningside,Albert-Eden Local Board Area,central,classification,0,4,6233,25368,0,0.027274185785336115,0.03717281614632608
Morningside,Albert-Eden Local Board Area,central,current_reg,4,4,6233,25368,1,0.9359858815979464,0.9155234941658783
Morningside,Albert-Eden Local Board Area,central,owner_reg,0,4,6233,25368,0,0.2826889138456602,0.2651371807000946
Motutara,Rodney Local Board Area,north,animal_desexed,58,86,12635,43051,0.6744186046511628,0.6839730906212901,0.7100648068569836
Motutara,Rodney Local Board Area,north,classification,2,86,12635,43051,0.023255813953488372,0.015116739216462208,0.016979861094980373
Motutara,Rodney Local Board Area,north,current_reg,82,86,12635,43051,0.9534883720930233,0.9270280965571824,0.9315695338087385
Motutara,Rodney Local Board Area,north,owner_reg,31,86,12635,43051,0.36046511627906974,0.39746735259200633,0.36059557269285264
Mount Albert,Albert-Eden Local Board Area,central,animal_desexed,736,1047,6233,25368,0.7029608404966571,0.673672388897802,0.6542100283822138
Mount Albert,Albert-Eden Local Board Area,central,classification,31,1047,6233,25368,0.029608404966571154,0.027274185785336115,0.03717281614632608
Mount Albert,Albert-Eden Local Board Area,central,current_reg,989,1047,6233,25368,0.944603629417383,0.9359858815979464,0.9155234941658783
Mount Albert,Albert-Eden Local Board Area,central,owner_reg,320,1047,6233,25368,0.30563514804202485,0.2826889138456602,0.2651371807000946
Mount Eden,Albert-Eden Local Board Area,central,animal_desexed,830,1217,6233,25368,0.6820049301561216,0.673672388897802,0.6542100283822138
Mount Eden,Albert-Eden Local Board Area,central,classification,12,1217,6233,25368,0.009860312243221035,0.027274185785336115,0.03717281614632608
Mount Eden,Albert-Eden Local Board Area,central,current_reg,1158,1217,6233,25368,0.9515201314708299,0.9359858815979464,0.9155234941658783
Mount Eden,Albert-Eden Local Board Area,central,owner_reg,378,1217,6233,25368,0.3105998356614626,0.2826889138456602,0.2651371807000946
Mount Rex,Rodney Local Board Area,north,animal_desexed,16,20,12635,43051,0.8,0.6839730906212901,0.7100648068569836
Mount Rex,Rodney Local Board Area,north,classification,1,20,12635,43051,0.05,0.015116739216462208,0.016979861094980373
Mount Rex,Rodney Local Board Area,north,current_reg,18,20,12635,43051,0.9,0.9270280965571824,0.9315695338087385
Mount Rex,Rodney Local Board Area,north,owner_reg,8,20,12635,43051,0.4,0.39746735259200633,0.36059557269285264
Mount Roskill,Puketāpapa Local Board Area,central,animal_desexed,608,1056,2180,25368,0.5757575757575758,0.6041284403669724,0.6542100283822138
Mount Roskill,Puketāpapa Local Board Area,central,classification,97,1056,2180,25368,0.09185606060606061,0.06972477064220184,0.03717281614632608
Mount Roskill,Puketāpapa Local Board Area,central,current_reg,876,1056,2180,25368,0.8295454545454546,0.8697247706422019,0.9155234941658783
Mount Roskill,Puketāpapa Local Board Area,central,owner_reg,231,1056,2180,25368,0.21875,0.23853211009174313,0.2651371807000946
Mount Wellington,Maungakiekie-Tāmaki Local Board Area,central,animal_desexed,781,1397,5484,25368,0.5590551181102362,0.5951859956236324,0.6542100283822138
Mount Wellington,Maungakiekie-Tāmaki Local Board Area,central,classification,156,1397,5484,25368,0.11166785969935576,0.08460977388767323,0.03717281614632608
Mount Wellington,Maungakiekie-Tāmaki Local Board Area,central,current_reg,1170,1397,5484,25368,0.8375089477451683,0.8659737417943107,0.9155234941658783
Mount Wellington,Maungakiekie-Tāmaki Local Board Area,central,owner_reg,337,1397,5484,25368,0.24123120973514675,0.2671407731582786,0.2651371807000946
Muriwai Beach,Rodney Local Board Area,north,animal_desexed,135,190,12635,43051,0.7105263157894737,0.6839730906212901,0.7100648068569836
Muriwai Beach,Rodney Local Board Area,north,classification,2,190,12635,43051,0.010526315789473684,0.015116739216462208,0.016979861094980373
Muriwai Beach,Rodney Local Board Area,north,current_reg,177,190,12635,43051,0.9315789473684211,0.9270280965571824,0.9315695338087385
Muriwai Beach,Rodney Local Board Area,north,owner_reg,74,190,12635,43051,0.3894736842105263,0.39746735259200633,0.36059557269285264
Muriwai Valley,Rodney Local Board Area,north,animal_desexed,185,271,12635,43051,0.6826568265682657,0.6839730906212901,0.7100648068569836
Muriwai Valley,Rodney Local Board Area,north,classification,3,271,12635,43051,0.01107011070110701,0.015116739216462208,0.016979861094980373
Muriwai Valley,Rodney Local Board Area,north,current_reg,245,271,12635,43051,0.9040590405904059,0.9270280965571824,0.9315695338087385
Muriwai Valley,Rodney Local Board Area,north,owner_reg,110,271,12635,43051,0.4059040590405904,0.39746735259200633,0.36059557269285264
Murrays Bay,Hibiscus and Bays Local Board Area,north,animal_desexed,288,395,12529,43051,0.7291139240506329,0.7449118046132972,0.7100648068569836
Murrays Bay,Hibiscus and Bays Local Board Area,north,classification,4,395,12529,43051,0.010126582278481013,0.015005187963923697,0.016979861094980373
Murrays Bay,Hibiscus and Bays Local Board Area,north,current_reg,377,395,12529,43051,0.9544303797468354,0.9426929523505467,0.9315695338087385
Murrays Bay,Hibiscus and Bays Local Board Area,north,owner_reg,105,395,12529,43051,0.26582278481012656,0.37975895921462205,0.36059557269285264
Narrow Neck,Devonport-Takapuna Local Board Area,north,animal_desexed,221,306,4592,43051,0.7222222222222222,0.7253919860627178,0.7100648068569836
Narrow Neck,Devonport-Takapuna Local Board Area,north,classification,3,306,4592,43051,0.00980392156862745,0.01524390243902439,0.016979861094980373
Narrow Neck,Devonport-Takapuna Local Board Area,north,current_reg,296,306,4592,43051,0.9673202614379085,0.9368466898954704,0.9315695338087385
Narrow Neck,Devonport-Takapuna Local Board Area,north,owner_reg,91,306,4592,43051,0.2973856209150327,0.28702090592334495,0.36059557269285264
New Lynn,Whau Local Board Area,west,animal_desexed,602,932,3694,20046,0.6459227467811158,0.6448294531672983,0.6577870896937045
New Lynn,Whau Local Board Area,west,classification,53,932,3694,20046,0.05686695278969957,0.06442880346507851,0.05711862715753766
New Lynn,Whau Local Board Area,west,current_reg,795,932,3694,20046,0.8530042918454935,0.8752030319436924,0.8856629751571385
New Lynn,Whau Local Board Area,west,owner_reg,267,932,3694,20046,0.286480686695279,0.2698971304818625,0.305846552928265
New Windsor,Whau Local Board Area,west,animal_desexed,192,300,3694,20046,0.64,0.6448294531672983,0.6577870896937045
New Windsor,Whau Local Board Area,west,classification,17,300,3694,20046,0.056666666666666664,0.06442880346507851,0.05711862715753766
New Windsor,Whau Local Board Area,west,current_reg,275,300,3694,20046,0.9166666666666666,0.8752030319436924,0.8856629751571385
New Windsor,Whau Local Board Area,west,owner_reg,80,300,3694,20046,0.26666666666666666,0.2698971304818625,0.305846552928265
Newmarket,Waitematā Local Board Area,central,animal_desexed,39,60,4310,25368,0.65,0.6849187935034803,0.6542100283822138
Newmarket,Waitematā Local Board Area,central,classification,0,60,4310,25368,0,0.013689095127610209,0.03717281614632608
Newmarket,Waitematā Local Board Area,central,current_reg,53,60,4310,25368,0.8833333333333333,0.9310904872389791,0.9155234941658783
Newmarket,Waitematā Local Board Area,central,owner_reg,16,60,4310,25368,0.26666666666666666,0.23642691415313224,0.2651371807000946
Newton,Waitematā Local Board Area,central,animal_desexed,31,52,4310,25368,0.5961538461538461,0.6849187935034803,0.6542100283822138
Newton,Waitematā Local Board Area,central,classification,1,52,4310,25368,0.019230769230769232,0.013689095127610209,0.03717281614632608
Newton,Waitematā Local Board Area,central,current_reg,47,52,4310,25368,0.9038461538461539,0.9310904872389791,0.9155234941658783
Newton,Waitematā Local Board Area,central,owner_reg,11,52,4310,25368,0.21153846153846154,0.23642691415313224,0.2651371807000946
Northcote,Kaipātiki Local Board Area,north,animal_desexed,384,567,6275,43051,0.6772486772486772,0.7018326693227092,0.7100648068569836
Northcote,Kaipātiki Local Board Area,north,classification,12,567,6275,43051,0.021164021164021163,0.025816733067729084,0.016979861094980373
Northcote,Kaipātiki Local Board Area,north,current_reg,515,567,6275,43051,0.908289241622575,0.9164940239043825,0.9315695338087385
Northcote,Kaipātiki Local Board Area,north,owner_reg,156,567,6275,43051,0.2751322751322751,0.3244621513944223,0.36059557269285264
Northcote Point,Kaipātiki Local Board Area,north,animal_desexed,172,253,6275,43051,0.6798418972332015,0.7018326693227092,0.7100648068569836
Northcote Point,Kaipātiki Local Board Area,north,classification,2,253,6275,43051,0.007905138339920948,0.025816733067729084,0.016979861094980373
Northcote Point,Kaipātiki Local Board Area,north,current_reg,239,253,6275,43051,0.9446640316205533,0.9164940239043825,0.9315695338087385
Northcote Point,Kaipātiki Local Board Area,north,owner_reg,70,253,6275,43051,0.2766798418972332,0.3244621513944223,0.36059557269285264
Northcross,Hibiscus and Bays Local Board Area,north,animal_desexed,179,241,12529,43051,0.7427385892116183,0.7449118046132972,0.7100648068569836
Northcross,Hibiscus and Bays Local Board Area,north,classification,4,241,12529,43051,0.016597510373443983,0.015005187963923697,0.016979861094980373
Northcross,Hibiscus and Bays Local Board Area,north,current_reg,213,241,12529,43051,0.8838174273858921,0.9426929523505467,0.9315695338087385
Northcross,Hibiscus and Bays Local Board Area,north,owner_reg,76,241,12529,43051,0.3153526970954357,0.37975895921462205,0.36059557269285264
Northpark,Howick Local Board Area,east,animal_desexed,407,584,8904,8904,0.696917808219178,0.6630727762803235,0.6630727762803235
Northpark,Howick Local Board Area,east,classification,2,584,8904,8904,0.003424657534246575,0.037511230907457324,0.037511230907457324
Northpark,Howick Local Board Area,east,current_reg,548,584,8904,8904,0.9383561643835616,0.9174528301886793,0.9174528301886793
Northpark,Howick Local Board Area,east,owner_reg,217,584,8904,8904,0.3715753424657534,0.3314240790655885,0.3314240790655885
Ohirangi,Rodney Local Board Area,north,animal_desexed,5,11,12635,43051,0.45454545454545453,0.6839730906212901,0.7100648068569836
Ohirangi,Rodney Local Board Area,north,classification,0,11,12635,43051,0,0.015116739216462208,0.016979861094980373
Ohirangi,Rodney Local Board Area,north,current_reg,11,11,12635,43051,1,0.9270280965571824,0.9315695338087385
Ohirangi,Rodney Local Board Area,north,owner_reg,6,11,12635,43051,0.5454545454545454,0.39746735259200633,0.36059557269285264
Okoromai Bay,Hibiscus and Bays Local Board Area,north,animal_desexed,90,119,12529,43051,0.7563025210084033,0.7449118046132972,0.7100648068569836
Okoromai Bay,Hibiscus and Bays Local Board Area,north,classification,2,119,12529,43051,0.01680672268907563,0.015005187963923697,0.016979861094980373
Okoromai Bay,Hibiscus and Bays Local Board Area,north,current_reg,117,119,12529,43051,0.9831932773109243,0.9426929523505467,0.9315695338087385
Okoromai Bay,Hibiscus and Bays Local Board Area,north,owner_reg,58,119,12529,43051,0.48739495798319327,0.37975895921462205,0.36059557269285264
Okura,Hibiscus and Bays Local Board Area,north,animal_desexed,63,95,12529,43051,0.6631578947368421,0.7449118046132972,0.7100648068569836
Okura,Hibiscus and Bays Local Board Area,north,classification,0,95,12529,43051,0,0.015005187963923697,0.016979861094980373
Okura,Hibiscus and Bays Local Board Area,north,current_reg,92,95,12529,43051,0.968421052631579,0.9426929523505467,0.9315695338087385
Okura,Hibiscus and Bays Local Board Area,north,owner_reg,31,95,12529,43051,0.3263157894736842,0.37975895921462205,0.36059557269285264
Omaha,Rodney Local Board Area,north,animal_desexed,77,98,12635,43051,0.7857142857142857,0.6839730906212901,0.7100648068569836
Omaha,Rodney Local Board Area,north,classification,0,98,12635,43051,0,0.015116739216462208,0.016979861094980373
Omaha,Rodney Local Board Area,north,current_reg,93,98,12635,43051,0.9489795918367347,0.9270280965571824,0.9315695338087385
Omaha,Rodney Local Board Area,north,owner_reg,35,98,12635,43051,0.35714285714285715,0.39746735259200633,0.36059557269285264
Omaha Flats,Rodney Local Board Area,north,animal_desexed,38,55,12635,43051,0.6909090909090909,0.6839730906212901,0.7100648068569836
Omaha Flats,Rodney Local Board Area,north,classification,0,55,12635,43051,0,0.015116739216462208,0.016979861094980373
Omaha Flats,Rodney Local Board Area,north,current_reg,51,55,12635,43051,0.9272727272727272,0.9270280965571824,0.9315695338087385
Omaha Flats,Rodney Local Board Area,north,owner_reg,27,55,12635,43051,0.4909090909090909,0.39746735259200633,0.36059557269285264
One Tree Hill,Maungakiekie-Tāmaki Local Board Area,central,animal_desexed,66,92,5484,25368,0.717391304347826,0.5951859956236324,0.6542100283822138
One Tree Hill,Maungakiekie-Tāmaki Local Board Area,central,classification,2,92,5484,25368,0.021739130434782608,0.08460977388767323,0.03717281614632608
One Tree Hill,Maungakiekie-Tāmaki Local Board Area,central,current_reg,85,92,5484,25368,0.9239130434782609,0.8659737417943107,0.9155234941658783
One Tree Hill,Maungakiekie-Tāmaki Local Board Area,central,owner_reg,42,92,5484,25368,0.45652173913043476,0.2671407731582786,0.2651371807000946
Onehunga,Maungakiekie-Tāmaki Local Board Area,central,animal_desexed,877,1395,5484,25368,0.628673835125448,0.5951859956236324,0.6542100283822138
Onehunga,Maungakiekie-Tāmaki Local Board Area,central,classification,94,1395,5484,25368,0.06738351254480286,0.08460977388767323,0.03717281614632608
Onehunga,Maungakiekie-Tāmaki Local Board Area,central,current_reg,1225,1395,5484,25368,0.8781362007168458,0.8659737417943107,0.9155234941658783
Onehunga,Maungakiekie-Tāmaki Local Board Area,central,owner_reg,390,1395,5484,25368,0.27956989247311825,0.2671407731582786,0.2651371807000946
Opahi Bay,Rodney Local Board Area,north,animal_desexed,7,10,12635,43051,0.7,0.6839730906212901,0.7100648068569836
Opahi Bay,Rodney Local Board Area,north,classification,0,10,12635,43051,0,0.015116739216462208,0.016979861094980373
Opahi Bay,Rodney Local Board Area,north,current_reg,10,10,12635,43051,1,0.9270280965571824,0.9315695338087385
Opahi Bay,Rodney Local Board Area,north,owner_reg,5,10,12635,43051,0.5,0.39746735259200633,0.36059557269285264
Orakei,Ōrākei Local Board Area,central,animal_desexed,330,519,7161,25368,0.6358381502890174,0.6792347437508728,0.6542100283822138
Orakei,Ōrākei Local Board Area,central,classification,19,519,7161,25368,0.036608863198458574,0.013685239491691105,0.03717281614632608
Orakei,Ōrākei Local Board Area,central,current_reg,465,519,7161,25368,0.8959537572254336,0.9402318111995531,0.9155234941658783
Orakei,Ōrākei Local Board Area,central,owner_reg,139,519,7161,25368,0.2678227360308285,0.27370478983382207,0.2651371807000946
Oratia,Waitākere Ranges Local Board Area,west,animal_desexed,248,341,6064,20046,0.7272727272727273,0.7204815303430079,0.6577870896937045
Oratia,Waitākere Ranges Local Board Area,west,classification,8,341,6064,20046,0.02346041055718475,0.033641160949868076,0.05711862715753766
Oratia,Waitākere Ranges Local Board Area,west,current_reg,315,341,6064,20046,0.9237536656891495,0.9200197889182058,0.8856629751571385
Oratia,Waitākere Ranges Local Board Area,west,owner_reg,116,341,6064,20046,0.34017595307917886,0.34465699208443273,0.305846552928265
Orere Point,Franklin Local Board Area,south,animal_desexed,62,99,11978,33754,0.6262626262626263,0.6668058106528636,0.560407655388991
Orere Point,Franklin Local Board Area,south,classification,5,99,11978,33754,0.050505050505050504,0.03414593421272333,0.10665402618948866
Orere Point,Franklin Local Board Area,south,current_reg,85,99,11978,33754,0.8585858585858586,0.9143429620971781,0.8430111986727499
Orere Point,Franklin Local Board Area,south,owner_reg,39,99,11978,33754,0.3939393939393939,0.4029888128235098,0.29629080997807666
Orewa,Hibiscus and Bays Local Board Area,north,animal_desexed,1048,1374,12529,43051,0.7627365356622998,0.7449118046132972,0.7100648068569836
Orewa,Hibiscus and Bays Local Board Area,north,classification,14,1374,12529,43051,0.010189228529839884,0.015005187963923697,0.016979861094980373
Orewa,Hibiscus and Bays Local Board Area,north,current_reg,1304,1374,12529,43051,0.9490538573508006,0.9426929523505467,0.9315695338087385
Orewa,Hibiscus and Bays Local Board Area,north,owner_reg,607,1374,12529,43051,0.4417758369723435,0.37975895921462205,0.36059557269285264
Otahuhu,Māngere-Ōtāhuhu Local Board Area,south,animal_desexed,309,707,4809,33754,0.43705799151343705,0.45830734040341026,0.560407655388991
Otahuhu,Māngere-Ōtāhuhu Local Board Area,south,classification,113,707,4809,33754,0.15983026874115983,0.1933873986275733,0.10665402618948866
Otahuhu,Māngere-Ōtāhuhu Local Board Area,south,current_reg,565,707,4809,33754,0.7991513437057991,0.769182782283219,0.8430111986727499
Otahuhu,Māngere-Ōtāhuhu Local Board Area,south,owner_reg,120,707,4809,33754,0.16973125884016974,0.15263048450821376,0.29629080997807666
Otara,Ōtara-Papatoetoe Local Board Area,south,animal_desexed,592,1694,5192,33754,0.34946871310507677,0.44895993836671805,0.560407655388991
Otara,Ōtara-Papatoetoe Local Board Area,south,classification,427,1694,5192,33754,0.25206611570247933,0.15677966101694915,0.10665402618948866
Otara,Ōtara-Papatoetoe Local Board Area,south,current_reg,1293,1694,5192,33754,0.7632821723730815,0.8164483821263482,0.8430111986727499
Otara,Ōtara-Papatoetoe Local Board Area,south,owner_reg,112,1694,5192,33754,0.06611570247933884,0.21610169491525424,0.29629080997807666
Oteha,Upper Harbour Local Board Area,north,animal_desexed,151,222,5464,43051,0.6801801801801802,0.7016837481698389,0.7100648068569836
Oteha,Upper Harbour Local Board Area,north,classification,4,222,5464,43051,0.018018018018018018,0.016471449487554905,0.016979861094980373
Oteha,Upper Harbour Local Board Area,north,current_reg,205,222,5464,43051,0.9234234234234234,0.9302708638360175,0.9315695338087385
Oteha,Upper Harbour Local Board Area,north,owner_reg,68,222,5464,43051,0.3063063063063063,0.3444363103953148,0.36059557269285264
Outlying Islands,Waiheke Local Board Area,north,animal_desexed,3,4,1207,43051,0.75,0.6909693454846727,0.7100648068569836
Outlying Islands,Waiheke Local Board Area,north,classification,0,4,1207,43051,0,0.01739850869925435,0.016979861094980373
Outlying Islands,Waiheke Local Board Area,north,current_reg,4,4,1207,43051,1,0.9312344656172328,0.9315695338087385
Outlying Islands,Waiheke Local Board Area,north,owner_reg,0,4,1207,43051,0,0.26843413421706713,0.36059557269285264
Owairaka,Albert-Eden Local Board Area,central,animal_desexed,141,265,6233,25368,0.5320754716981132,0.673672388897802,0.6542100283822138
Owairaka,Albert-Eden Local Board Area,central,classification,26,265,6233,25368,0.09811320754716982,0.027274185785336115,0.03717281614632608
Owairaka,Albert-Eden Local Board Area,central,current_reg,216,265,6233,25368,0.8150943396226416,0.9359858815979464,0.9155234941658783
Owairaka,Albert-Eden Local Board Area,central,owner_reg,56,265,6233,25368,0.21132075471698114,0.2826889138456602,0.2651371807000946
Pakiri,Rodney Local Board Area,north,animal_desexed,50,82,12635,43051,0.6097560975609756,0.6839730906212901,0.7100648068569836
Pakiri,Rodney Local Board Area,north,classification,2,82,12635,43051,0.024390243902439025,0.015116739216462208,0.016979861094980373
Pakiri,Rodney Local Board Area,north,current_reg,72,82,12635,43051,0.8780487804878049,0.9270280965571824,0.9315695338087385
Pakiri,Rodney Local Board Area,north,owner_reg,22,82,12635,43051,0.2682926829268293,0.39746735259200633,0.36059557269285264
Pakuranga,Howick Local Board Area,east,animal_desexed,317,515,8904,8904,0.6155339805825243,0.6630727762803235,0.6630727762803235
Pakuranga,Howick Local Board Area,east,classification,29,515,8904,8904,0.05631067961165048,0.037511230907457324,0.037511230907457324
Pakuranga,Howick Local Board Area,east,current_reg,454,515,8904,8904,0.8815533980582524,0.9174528301886793,0.9174528301886793
Pakuranga,Howick Local Board Area,east,owner_reg,139,515,8904,8904,0.26990291262135924,0.3314240790655885,0.3314240790655885
Pakuranga Heights,Howick Local Board Area,east,animal_desexed,427,693,8904,8904,0.6161616161616161,0.6630727762803235,0.6630727762803235
Pakuranga Heights,Howick Local Board Area,east,classification,58,693,8904,8904,0.0836940836940837,0.037511230907457324,0.037511230907457324
Pakuranga Heights,Howick Local Board Area,east,current_reg,604,693,8904,8904,0.8715728715728716,0.9174528301886793,0.9174528301886793
Pakuranga Heights,Howick Local Board Area,east,owner_reg,210,693,8904,8904,0.30303030303030304,0.3314240790655885,0.3314240790655885
Panmure,Maungakiekie-Tāmaki Local Board Area,central,animal_desexed,282,511,5484,25368,0.5518590998043053,0.5951859956236324,0.6542100283822138
Panmure,Maungakiekie-Tāmaki Local Board Area,central,classification,51,511,5484,25368,0.09980430528375733,0.08460977388767323,0.03717281614632608
Panmure,Maungakiekie-Tāmaki Local Board Area,central,current_reg,423,511,5484,25368,0.8277886497064579,0.8659737417943107,0.9155234941658783
Panmure,Maungakiekie-Tāmaki Local Board Area,central,owner_reg,125,511,5484,25368,0.2446183953033268,0.2671407731582786,0.2651371807000946
Papakura,Papakura Local Board Area,south,animal_desexed,2441,4176,5967,33754,0.5845306513409961,0.5828724652254064,0.560407655388991
Papakura,Papakura Local Board Area,south,classification,410,4176,5967,33754,0.09818007662835249,0.08982738394503101,0.10665402618948866
Papakura,Papakura Local Board Area,south,current_reg,3434,4176,5967,33754,0.8223180076628352,0.8327467739232445,0.8430111986727499
Papakura,Papakura Local Board Area,south,owner_reg,1369,4176,5967,33754,0.3278256704980843,0.32797050444109266,0.29629080997807666
Papatoetoe,Ōtara-Papatoetoe Local Board Area,south,animal_desexed,954,2007,5192,33754,0.47533632286995514,0.44895993836671805,0.560407655388991
Papatoetoe,Ōtara-Papatoetoe Local Board Area,south,classification,296,2007,5192,33754,0.1474838066766318,0.15677966101694915,0.10665402618948866
Papatoetoe,Ōtara-Papatoetoe Local Board Area,south,current_reg,1616,2007,5192,33754,0.8051818634778276,0.8164483821263482,0.8430111986727499
Papatoetoe,Ōtara-Papatoetoe Local Board Area,south,owner_reg,407,2007,5192,33754,0.2027902341803687,0.21610169491525424,0.29629080997807666
Parakai,Rodney Local Board Area,north,animal_desexed,153,209,12635,43051,0.7320574162679426,0.6839730906212901,0.7100648068569836
Parakai,Rodney Local Board Area,north,classification,17,209,12635,43051,0.08133971291866028,0.015116739216462208,0.016979861094980373
Parakai,Rodney Local Board Area,north,current_reg,179,209,12635,43051,0.8564593301435407,0.9270280965571824,0.9315695338087385
Parakai,Rodney Local Board Area,north,owner_reg,78,209,12635,43051,0.37320574162679426,0.39746735259200633,0.36059557269285264
Parau,Waitākere Ranges Local Board Area,west,animal_desexed,61,76,6064,20046,0.8026315789473685,0.7204815303430079,0.6577870896937045
Parau,Waitākere Ranges Local Board Area,west,classification,1,76,6064,20046,0.013157894736842105,0.033641160949868076,0.05711862715753766
Parau,Waitākere Ranges Local Board Area,west,current_reg,68,76,6064,20046,0.8947368421052632,0.9200197889182058,0.8856629751571385
Parau,Waitākere Ranges Local Board Area,west,owner_reg,24,76,6064,20046,0.3157894736842105,0.34465699208443273,0.305846552928265
Paremoremo,Upper Harbour Local Board Area,north,animal_desexed,146,194,5464,43051,0.7525773195876289,0.7016837481698389,0.7100648068569836
Paremoremo,Upper Harbour Local Board Area,north,classification,4,194,5464,43051,0.020618556701030927,0.016471449487554905,0.016979861094980373
Paremoremo,Upper Harbour Local Board Area,north,current_reg,181,194,5464,43051,0.9329896907216495,0.9302708638360175,0.9315695338087385
Paremoremo,Upper Harbour Local Board Area,north,owner_reg,72,194,5464,43051,0.3711340206185567,0.3444363103953148,0.36059557269285264
Parkhurst,Rodney Local Board Area,north,animal_desexed,40,75,12635,43051,0.5333333333333333,0.6839730906212901,0.7100648068569836
Parkhurst,Rodney Local Board Area,north,classification,1,75,12635,43051,0.013333333333333334,0.015116739216462208,0.016979861094980373
Parkhurst,Rodney Local Board Area,north,current_reg,69,75,12635,43051,0.92,0.9270280965571824,0.9315695338087385
Parkhurst,Rodney Local Board Area,north,owner_reg,27,75,12635,43051,0.36,0.39746735259200633,0.36059557269285264
Parnell,Waitematā Local Board Area,central,animal_desexed,388,531,4310,25368,0.7306967984934086,0.6849187935034803,0.6542100283822138
Parnell,Waitematā Local Board Area,central,classification,3,531,4310,25368,0.005649717514124294,0.013689095127610209,0.03717281614632608
Parnell,Waitematā Local Board Area,central,current_reg,498,531,4310,25368,0.9378531073446328,0.9310904872389791,0.9155234941658783
Parnell,Waitematā Local Board Area,central,owner_reg,117,531,4310,25368,0.22033898305084745,0.23642691415313224,0.2651371807000946
Patumahoe,Franklin Local Board Area,south,animal_desexed,35,53,11978,33754,0.660377358490566,0.6668058106528636,0.560407655388991
Patumahoe,Franklin Local Board Area,south,classification,0,53,11978,33754,0,0.03414593421272333,0.10665402618948866
Patumahoe,Franklin Local Board Area,south,current_reg,50,53,11978,33754,0.9433962264150944,0.9143429620971781,0.8430111986727499
Patumahoe,Franklin Local Board Area,south,owner_reg,25,53,11978,33754,0.4716981132075472,0.4029888128235098,0.29629080997807666
Penrose,Maungakiekie-Tāmaki Local Board Area,central,animal_desexed,18,39,5484,25368,0.46153846153846156,0.5951859956236324,0.6542100283822138
Penrose,Maungakiekie-Tāmaki Local Board Area,central,classification,3,39,5484,25368,0.07692307692307693,0.08460977388767323,0.03717281614632608
Penrose,Maungakiekie-Tāmaki Local Board Area,central,current_reg,37,39,5484,25368,0.9487179487179487,0.8659737417943107,0.9155234941658783
Penrose,Maungakiekie-Tāmaki Local Board Area,central,owner_reg,8,39,5484,25368,0.20512820512820512,0.2671407731582786,0.2651371807000946
Piha,Waitākere Ranges Local Board Area,west,animal_desexed,126,172,6064,20046,0.7325581395348837,0.7204815303430079,0.6577870896937045
Piha,Waitākere Ranges Local Board Area,west,classification,5,172,6064,20046,0.029069767441860465,0.033641160949868076,0.05711862715753766
Piha,Waitākere Ranges Local Board Area,west,current_reg,159,172,6064,20046,0.9244186046511628,0.9200197889182058,0.8856629751571385
Piha,Waitākere Ranges Local Board Area,west,owner_reg,37,172,6064,20046,0.21511627906976744,0.34465699208443273,0.305846552928265
Pine Valley,Rodney Local Board Area,north,animal_desexed,338,492,12635,43051,0.6869918699186992,0.6839730906212901,0.7100648068569836
Pine Valley,Rodney Local Board Area,north,classification,5,492,12635,43051,0.01016260162601626,0.015116739216462208,0.016979861094980373
Pine Valley,Rodney Local Board Area,north,current_reg,471,492,12635,43051,0.9573170731707317,0.9270280965571824,0.9315695338087385
Pine Valley,Rodney Local Board Area,north,owner_reg,210,492,12635,43051,0.4268292682926829,0.39746735259200633,0.36059557269285264
Pinehill,Upper Harbour Local Board Area,north,animal_desexed,162,255,5464,43051,0.6352941176470588,0.7016837481698389,0.7100648068569836
Pinehill,Upper Harbour Local Board Area,north,classification,3,255,5464,43051,0.011764705882352941,0.016471449487554905,0.016979861094980373
Pinehill,Upper Harbour Local Board Area,north,current_reg,228,255,5464,43051,0.8941176470588236,0.9302708638360175,0.9315695338087385
Pinehill,Upper Harbour Local Board Area,north,owner_reg,68,255,5464,43051,0.26666666666666666,0.3444363103953148,0.36059557269285264
Pohuehue,Rodney Local Board Area,north,animal_desexed,45,68,12635,43051,0.6617647058823529,0.6839730906212901,0.7100648068569836
Pohuehue,Rodney Local Board Area,north,classification,1,68,12635,43051,0.014705882352941176,0.015116739216462208,0.016979861094980373
Pohuehue,Rodney Local Board Area,north,current_reg,62,68,12635,43051,0.9117647058823529,0.9270280965571824,0.9315695338087385
Pohuehue,Rodney Local Board Area,north,owner_reg,23,68,12635,43051,0.3382352941176471,0.39746735259200633,0.36059557269285264
Point Chevalier,Albert-Eden Local Board Area,central,animal_desexed,530,777,6233,25368,0.6821106821106822,0.673672388897802,0.6542100283822138
Point Chevalier,Albert-Eden Local Board Area,central,classification,22,777,6233,25368,0.028314028314028315,0.027274185785336115,0.03717281614632608
Point Chevalier,Albert-Eden Local Board Area,central,current_reg,739,777,6233,25368,0.9510939510939511,0.9359858815979464,0.9155234941658783
Point Chevalier,Albert-Eden Local Board Area,central,owner_reg,212,777,6233,25368,0.2728442728442728,0.2826889138456602,0.2651371807000946
Point England,Maungakiekie-Tāmaki Local Board Area,central,animal_desexed,134,316,5484,25368,0.4240506329113924,0.5951859956236324,0.6542100283822138
Point England,Maungakiekie-Tāmaki Local Board Area,central,classification,58,316,5484,25368,0.18354430379746836,0.08460977388767323,0.03717281614632608
Point England,Maungakiekie-Tāmaki Local Board Area,central,current_reg,242,316,5484,25368,0.7658227848101266,0.8659737417943107,0.9155234941658783
Point England,Maungakiekie-Tāmaki Local Board Area,central,owner_reg,63,316,5484,25368,0.19936708860759494,0.2671407731582786,0.2651371807000946
Point Wells,Rodney Local Board Area,north,animal_desexed,84,124,12635,43051,0.6774193548387096,0.6839730906212901,0.7100648068569836
Point Wells,Rodney Local Board Area,north,classification,2,124,12635,43051,0.016129032258064516,0.015116739216462208,0.016979861094980373
Point Wells,Rodney Local Board Area,north,current_reg,124,124,12635,43051,1,0.9270280965571824,0.9315695338087385
Point Wells,Rodney Local Board Area,north,owner_reg,58,124,12635,43051,0.46774193548387094,0.39746735259200633,0.36059557269285264
Pokeno,Franklin Local Board Area,south,animal_desexed,3,11,11978,33754,0.2727272727272727,0.6668058106528636,0.560407655388991
Pokeno,Franklin Local Board Area,south,classification,0,11,11978,33754,0,0.03414593421272333,0.10665402618948866
Pokeno,Franklin Local Board Area,south,current_reg,11,11,11978,33754,1,0.9143429620971781,0.8430111986727499
Pokeno,Franklin Local Board Area,south,owner_reg,6,11,11978,33754,0.5454545454545454,0.4029888128235098,0.29629080997807666
Ponsonby,Waitematā Local Board Area,central,animal_desexed,434,636,4310,25368,0.6823899371069182,0.6849187935034803,0.6542100283822138
Ponsonby,Waitematā Local Board Area,central,classification,7,636,4310,25368,0.0110062893081761,0.013689095127610209,0.03717281614632608
Ponsonby,Waitematā Local Board Area,central,current_reg,593,636,4310,25368,0.9323899371069182,0.9310904872389791,0.9155234941658783
Ponsonby,Waitematā Local Board Area,central,owner_reg,153,636,4310,25368,0.24056603773584906,0.23642691415313224,0.2651371807000946
Port Albert,Rodney Local Board Area,north,animal_desexed,40,68,12635,43051,0.5882352941176471,0.6839730906212901,0.7100648068569836
Port Albert,Rodney Local Board Area,north,classification,0,68,12635,43051,0,0.015116739216462208,0.016979861094980373
Port Albert,Rodney Local Board Area,north,current_reg,65,68,12635,43051,0.9558823529411765,0.9270280965571824,0.9315695338087385
Port Albert,Rodney Local Board Area,north,owner_reg,24,68,12635,43051,0.35294117647058826,0.39746735259200633,0.36059557269285264
Puhoi,Rodney Local Board Area,north,animal_desexed,120,185,12635,43051,0.6486486486486487,0.6839730906212901,0.7100648068569836
Puhoi,Rodney Local Board Area,north,classification,1,185,12635,43051,0.005405405405405406,0.015116739216462208,0.016979861094980373
Puhoi,Rodney Local Board Area,north,current_reg,179,185,12635,43051,0.9675675675675676,0.9270280965571824,0.9315695338087385
Puhoi,Rodney Local Board Area,north,owner_reg,63,185,12635,43051,0.34054054054054056,0.39746735259200633,0.36059557269285264
Pukapuka,Rodney Local Board Area,north,animal_desexed,9,13,12635,43051,0.6923076923076923,0.6839730906212901,0.7100648068569836
Pukapuka,Rodney Local Board Area,north,classification,0,13,12635,43051,0,0.015116739216462208,0.016979861094980373
Pukapuka,Rodney Local Board Area,north,current_reg,12,13,12635,43051,0.9230769230769231,0.9270280965571824,0.9315695338087385
Pukapuka,Rodney Local Board Area,north,owner_reg,3,13,12635,43051,0.23076923076923078,0.39746735259200633,0.36059557269285264
Pukekohe,Franklin Local Board Area,south,animal_desexed,2681,4010,11978,33754,0.6685785536159601,0.6668058106528636,0.560407655388991
Pukekohe,Franklin Local Board Area,south,classification,198,4010,11978,33754,0.04937655860349127,0.03414593421272333,0.10665402618948866
Pukekohe,Franklin Local Board Area,south,current_reg,3587,4010,11978,33754,0.8945137157107232,0.9143429620971781,0.8430111986727499
Pukekohe,Franklin Local Board Area,south,owner_reg,1562,4010,11978,33754,0.38952618453865334,0.4029888128235098,0.29629080997807666
Pukeoware,Franklin Local Board Area,south,animal_desexed,17,25,11978,33754,0.68,0.6668058106528636,0.560407655388991
Pukeoware,Franklin Local Board Area,south,classification,0,25,11978,33754,0,0.03414593421272333,0.10665402618948866
Pukeoware,Franklin Local Board Area,south,current_reg,25,25,11978,33754,1,0.9143429620971781,0.8430111986727499
Pukeoware,Franklin Local Board Area,south,owner_reg,11,25,11978,33754,0.44,0.4029888128235098,0.29629080997807666
Punganui,Rodney Local Board Area,north,animal_desexed,37,51,12635,43051,0.7254901960784313,0.6839730906212901,0.7100648068569836
Punganui,Rodney Local Board Area,north,classification,1,51,12635,43051,0.0196078431372549,0.015116739216462208,0.016979861094980373
Punganui,Rodney Local Board Area,north,current_reg,47,51,12635,43051,0.9215686274509803,0.9270280965571824,0.9315695338087385
Punganui,Rodney Local Board Area,north,owner_reg,18,51,12635,43051,0.35294117647058826,0.39746735259200633,0.36059557269285264
Rainbows End,Franklin Local Board Area,south,animal_desexed,11,15,11978,33754,0.7333333333333333,0.6668058106528636,0.560407655388991
Rainbows End,Franklin Local Board Area,south,classification,0,15,11978,33754,0,0.03414593421272333,0.10665402618948866
Rainbows End,Franklin Local Board Area,south,current_reg,15,15,11978,33754,1,0.9143429620971781,0.8430111986727499
Rainbows End,Franklin Local Board Area,south,owner_reg,3,15,11978,33754,0.2,0.4029888128235098,0.29629080997807666
Rakino Island,Waiheke Local Board Area,north,animal_desexed,1,3,1207,43051,0.3333333333333333,0.6909693454846727,0.7100648068569836
Rakino Island,Waiheke Local Board Area,north,classification,0,3,1207,43051,0,0.01739850869925435,0.016979861094980373
Rakino Island,Waiheke Local Board Area,north,current_reg,3,3,1207,43051,1,0.9312344656172328,0.9315695338087385
Rakino Island,Waiheke Local Board Area,north,owner_reg,0,3,1207,43051,0,0.26843413421706713,0.36059557269285264
Ramarama,Franklin Local Board Area,south,animal_desexed,2,2,11978,33754,1,0.6668058106528636,0.560407655388991
Ramarama,Franklin Local Board Area,south,classification,0,2,11978,33754,0,0.03414593421272333,0.10665402618948866
Ramarama,Franklin Local Board Area,south,current_reg,2,2,11978,33754,1,0.9143429620971781,0.8430111986727499
Ramarama,Franklin Local Board Area,south,owner_reg,2,2,11978,33754,1,0.4029888128235098,0.29629080997807666
Randwick Park,Manurewa Local Board Area,south,animal_desexed,163,385,5808,33754,0.42337662337662335,0.5020661157024794,0.560407655388991
Randwick Park,Manurewa Local Board Area,south,classification,75,385,5808,33754,0.19480519480519481,0.15685261707988982,0.10665402618948866
Randwick Park,Manurewa Local Board Area,south,current_reg,296,385,5808,33754,0.7688311688311689,0.7913223140495868,0.8430111986727499
Randwick Park,Manurewa Local Board Area,south,owner_reg,84,385,5808,33754,0.21818181818181817,0.23433195592286502,0.29629080997807666
Ranui,Henderson-Massey Local Board Area,west,animal_desexed,522,924,10288,20046,0.564935064935065,0.6254860031104199,0.6577870896937045
Ranui,Henderson-Massey Local Board Area,west,classification,70,924,10288,20046,0.07575757575757576,0.06833203732503888,0.05711862715753766
Ranui,Henderson-Massey Local Board Area,west,current_reg,764,924,10288,20046,0.8268398268398268,0.8691679626749611,0.8856629751571385
Ranui,Henderson-Massey Local Board Area,west,owner_reg,252,924,10288,20046,0.2727272727272727,0.29587869362363917,0.305846552928265
Red Beach,Hibiscus and Bays Local Board Area,north,animal_desexed,720,934,12529,43051,0.7708779443254818,0.7449118046132972,0.7100648068569836
Red Beach,Hibiscus and Bays Local Board Area,north,classification,10,934,12529,43051,0.010706638115631691,0.015005187963923697,0.016979861094980373
Red Beach,Hibiscus and Bays Local Board Area,north,current_reg,892,934,12529,43051,0.9550321199143469,0.9426929523505467,0.9315695338087385
Red Beach,Hibiscus and Bays Local Board Area,north,owner_reg,399,934,12529,43051,0.4271948608137045,0.37975895921462205,0.36059557269285264
Redvale,Hibiscus and Bays Local Board Area,north,animal_desexed,102,164,12529,43051,0.6219512195121951,0.7449118046132972,0.7100648068569836
Redvale,Hibiscus and Bays Local Board Area,north,classification,3,164,12529,43051,0.018292682926829267,0.015005187963923697,0.016979861094980373
Redvale,Hibiscus and Bays Local Board Area,north,current_reg,153,164,12529,43051,0.9329268292682927,0.9426929523505467,0.9315695338087385
Redvale,Hibiscus and Bays Local Board Area,north,owner_reg,48,164,12529,43051,0.2926829268292683,0.37975895921462205,0.36059557269285264
Remuera,Ōrākei Local Board Area,central,animal_desexed,1530,2289,7161,25368,0.6684141546526867,0.6792347437508728,0.6542100283822138
Remuera,Ōrākei Local Board Area,central,classification,24,2289,7161,25368,0.010484927916120577,0.013685239491691105,0.03717281614632608
Remuera,Ōrākei Local Board Area,central,current_reg,2161,2289,7161,25368,0.944080384447357,0.9402318111995531,0.9155234941658783
Remuera,Ōrākei Local Board Area,central,owner_reg,567,2289,7161,25368,0.24770642201834864,0.27370478983382207,0.2651371807000946
Reweti,Rodney Local Board Area,north,animal_desexed,31,45,12635,43051,0.6888888888888889,0.6839730906212901,0.7100648068569836
Reweti,Rodney Local Board Area,north,classification,1,45,12635,43051,0.022222222222222223,0.015116739216462208,0.016979861094980373
Reweti,Rodney Local Board Area,north,current_reg,41,45,12635,43051,0.9111111111111111,0.9270280965571824,0.9315695338087385
Reweti,Rodney Local Board Area,north,owner_reg,16,45,12635,43051,0.35555555555555557,0.39746735259200633,0.36059557269285264
Riverhead,Rodney Local Board Area,north,animal_desexed,665,916,12635,43051,0.7259825327510917,0.6839730906212901,0.7100648068569836
Riverhead,Rodney Local Board Area,north,classification,7,916,12635,43051,0.007641921397379912,0.015116739216462208,0.016979861094980373
Riverhead,Rodney Local Board Area,north,current_reg,858,916,12635,43051,0.9366812227074236,0.9270280965571824,0.9315695338087385
Riverhead,Rodney Local Board Area,north,owner_reg,330,916,12635,43051,0.36026200873362446,0.39746735259200633,0.36059557269285264
Rosedale,Upper Harbour Local Board Area,north,animal_desexed,41,56,5464,43051,0.7321428571428571,0.7016837481698389,0.7100648068569836
Rosedale,Upper Harbour Local Board Area,north,classification,0,56,5464,43051,0,0.016471449487554905,0.016979861094980373
Rosedale,Upper Harbour Local Board Area,north,current_reg,50,56,5464,43051,0.8928571428571429,0.9302708638360175,0.9315695338087385
Rosedale,Upper Harbour Local Board Area,north,owner_reg,15,56,5464,43051,0.26785714285714285,0.3444363103953148,0.36059557269285264
Rothesay Bay,Hibiscus and Bays Local Board Area,north,animal_desexed,250,323,12529,43051,0.7739938080495357,0.7449118046132972,0.7100648068569836
Rothesay Bay,Hibiscus and Bays Local Board Area,north,classification,6,323,12529,43051,0.018575851393188854,0.015005187963923697,0.016979861094980373
Rothesay Bay,Hibiscus and Bays Local Board Area,north,current_reg,310,323,12529,43051,0.9597523219814241,0.9426929523505467,0.9315695338087385
Rothesay Bay,Hibiscus and Bays Local Board Area,north,owner_reg,111,323,12529,43051,0.34365325077399383,0.37975895921462205,0.36059557269285264
Royal Oak,Maungakiekie-Tāmaki Local Board Area,central,animal_desexed,182,262,5484,25368,0.6946564885496184,0.5951859956236324,0.6542100283822138
Royal Oak,Maungakiekie-Tāmaki Local Board Area,central,classification,3,262,5484,25368,0.011450381679389313,0.08460977388767323,0.03717281614632608
Royal Oak,Maungakiekie-Tāmaki Local Board Area,central,current_reg,242,262,5484,25368,0.9236641221374046,0.8659737417943107,0.9155234941658783
Royal Oak,Maungakiekie-Tāmaki Local Board Area,central,owner_reg,77,262,5484,25368,0.29389312977099236,0.2671407731582786,0.2651371807000946
Sandringham,Albert-Eden Local Board Area,central,animal_desexed,416,610,6233,25368,0.6819672131147541,0.673672388897802,0.6542100283822138
Sandringham,Albert-Eden Local Board Area,central,classification,15,610,6233,25368,0.02459016393442623,0.027274185785336115,0.03717281614632608
Sandringham,Albert-Eden Local Board Area,central,current_reg,571,610,6233,25368,0.9360655737704918,0.9359858815979464,0.9155234941658783
Sandringham,Albert-Eden Local Board Area,central,owner_reg,166,610,6233,25368,0.2721311475409836,0.2826889138456602,0.2651371807000946
Sandspit,Rodney Local Board Area,north,animal_desexed,66,84,12635,43051,0.7857142857142857,0.6839730906212901,0.7100648068569836
Sandspit,Rodney Local Board Area,north,classification,0,84,12635,43051,0,0.015116739216462208,0.016979861094980373
Sandspit,Rodney Local Board Area,north,current_reg,84,84,12635,43051,1,0.9270280965571824,0.9315695338087385
Sandspit,Rodney Local Board Area,north,owner_reg,39,84,12635,43051,0.4642857142857143,0.39746735259200633,0.36059557269285264
Scandrett Bay,Rodney Local Board Area,north,animal_desexed,1,2,12635,43051,0.5,0.6839730906212901,0.7100648068569836
Scandrett Bay,Rodney Local Board Area,north,classification,0,2,12635,43051,0,0.015116739216462208,0.016979861094980373
Scandrett Bay,Rodney Local Board Area,north,current_reg,2,2,12635,43051,1,0.9270280965571824,0.9315695338087385
Scandrett Bay,Rodney Local Board Area,north,owner_reg,0,2,12635,43051,0,0.39746735259200633,0.36059557269285264
Schnapper Rock,Upper Harbour Local Board Area,north,animal_desexed,210,302,5464,43051,0.695364238410596,0.7016837481698389,0.7100648068569836
Schnapper Rock,Upper Harbour Local Board Area,north,classification,3,302,5464,43051,0.009933774834437087,0.016471449487554905,0.016979861094980373
Schnapper Rock,Upper Harbour Local Board Area,north,current_reg,277,302,5464,43051,0.9172185430463576,0.9302708638360175,0.9315695338087385
Schnapper Rock,Upper Harbour Local Board Area,north,owner_reg,109,302,5464,43051,0.3609271523178808,0.3444363103953148,0.36059557269285264
Scotts Landing,Rodney Local Board Area,north,animal_desexed,25,36,12635,43051,0.6944444444444444,0.6839730906212901,0.7100648068569836
Scotts Landing,Rodney Local Board Area,north,classification,2,36,12635,43051,0.05555555555555555,0.015116739216462208,0.016979861094980373
Scotts Landing,Rodney Local Board Area,north,current_reg,35,36,12635,43051,0.9722222222222222,0.9270280965571824,0.9315695338087385
Scotts Landing,Rodney Local Board Area,north,owner_reg,9,36,12635,43051,0.25,0.39746735259200633,0.36059557269285264
Shelly Beach,Rodney Local Board Area,north,animal_desexed,42,64,12635,43051,0.65625,0.6839730906212901,0.7100648068569836
Shelly Beach,Rodney Local Board Area,north,classification,1,64,12635,43051,0.015625,0.015116739216462208,0.016979861094980373
Shelly Beach,Rodney Local Board Area,north,current_reg,57,64,12635,43051,0.890625,0.9270280965571824,0.9315695338087385
Shelly Beach,Rodney Local Board Area,north,owner_reg,27,64,12635,43051,0.421875,0.39746735259200633,0.36059557269285264
Shelly Park,Howick Local Board Area,east,animal_desexed,231,309,8904,8904,0.7475728155339806,0.6630727762803235,0.6630727762803235
Shelly Park,Howick Local Board Area,east,classification,4,309,8904,8904,0.012944983818770227,0.037511230907457324,0.037511230907457324
Shelly Park,Howick Local Board Area,east,current_reg,292,309,8904,8904,0.9449838187702265,0.9174528301886793,0.9174528301886793
Shelly Park,Howick Local Board Area,east,owner_reg,129,309,8904,8904,0.4174757281553398,0.3314240790655885,0.3314240790655885
Silverdale,Hibiscus and Bays Local Board Area,north,animal_desexed,814,1054,12529,43051,0.7722960151802657,0.7449118046132972,0.7100648068569836
Silverdale,Hibiscus and Bays Local Board Area,north,classification,19,1054,12529,43051,0.018026565464895637,0.015005187963923697,0.016979861094980373
Silverdale,Hibiscus and Bays Local Board Area,north,current_reg,991,1054,12529,43051,0.9402277039848197,0.9426929523505467,0.9315695338087385
Silverdale,Hibiscus and Bays Local Board Area,north,owner_reg,388,1054,12529,43051,0.3681214421252372,0.37975895921462205,0.36059557269285264
Snells Beach,Rodney Local Board Area,north,animal_desexed,406,508,12635,43051,0.7992125984251969,0.6839730906212901,0.7100648068569836
Snells Beach,Rodney Local Board Area,north,classification,9,508,12635,43051,0.017716535433070866,0.015116739216462208,0.016979861094980373
Snells Beach,Rodney Local Board Area,north,current_reg,476,508,12635,43051,0.937007874015748,0.9270280965571824,0.9315695338087385
Snells Beach,Rodney Local Board Area,north,owner_reg,205,508,12635,43051,0.4035433070866142,0.39746735259200633,0.36059557269285264
South Head,Rodney Local Board Area,north,animal_desexed,10,17,12635,43051,0.5882352941176471,0.6839730906212901,0.7100648068569836
South Head,Rodney Local Board Area,north,classification,1,17,12635,43051,0.058823529411764705,0.015116739216462208,0.016979861094980373
South Head,Rodney Local Board Area,north,current_reg,16,17,12635,43051,0.9411764705882353,0.9270280965571824,0.9315695338087385
South Head,Rodney Local Board Area,north,owner_reg,9,17,12635,43051,0.5294117647058824,0.39746735259200633,0.36059557269285264
St Heliers,Ōrākei Local Board Area,central,animal_desexed,676,966,7161,25368,0.6997929606625258,0.6792347437508728,0.6542100283822138
St Heliers,Ōrākei Local Board Area,central,classification,6,966,7161,25368,0.006211180124223602,0.013685239491691105,0.03717281614632608
St Heliers,Ōrākei Local Board Area,central,current_reg,917,966,7161,25368,0.9492753623188406,0.9402318111995531,0.9155234941658783
St Heliers,Ōrākei Local Board Area,central,owner_reg,243,966,7161,25368,0.2515527950310559,0.27370478983382207,0.2651371807000946
St Johns,Ōrākei Local Board Area,central,animal_desexed,236,343,7161,25368,0.6880466472303207,0.6792347437508728,0.6542100283822138
St Johns,Ōrākei Local Board Area,central,classification,4,343,7161,25368,0.011661807580174927,0.013685239491691105,0.03717281614632608
St Johns,Ōrākei Local Board Area,central,current_reg,313,343,7161,25368,0.9125364431486881,0.9402318111995531,0.9155234941658783
St Johns,Ōrākei Local Board Area,central,owner_reg,102,343,7161,25368,0.29737609329446063,0.27370478983382207,0.2651371807000946
St Lukes,Albert-Eden Local Board Area,central,animal_desexed,70,102,6233,25368,0.6862745098039216,0.673672388897802,0.6542100283822138
St Lukes,Albert-Eden Local Board Area,central,classification,8,102,6233,25368,0.0784313725490196,0.027274185785336115,0.03717281614632608
St Lukes,Albert-Eden Local Board Area,central,current_reg,91,102,6233,25368,0.8921568627450981,0.9359858815979464,0.9155234941658783
St Lukes,Albert-Eden Local Board Area,central,owner_reg,27,102,6233,25368,0.2647058823529412,0.2826889138456602,0.2651371807000946
Stanley Point,Devonport-Takapuna Local Board Area,north,animal_desexed,166,220,4592,43051,0.7545454545454545,0.7253919860627178,0.7100648068569836
Stanley Point,Devonport-Takapuna Local Board Area,north,classification,4,220,4592,43051,0.01818181818181818,0.01524390243902439,0.016979861094980373
Stanley Point,Devonport-Takapuna Local Board Area,north,current_reg,214,220,4592,43051,0.9727272727272728,0.9368466898954704,0.9315695338087385
Stanley Point,Devonport-Takapuna Local Board Area,north,owner_reg,53,220,4592,43051,0.2409090909090909,0.28702090592334495,0.36059557269285264
Stanmore Bay,Hibiscus and Bays Local Board Area,north,animal_desexed,970,1329,12529,43051,0.7298720842738902,0.7449118046132972,0.7100648068569836
Stanmore Bay,Hibiscus and Bays Local Board Area,north,classification,36,1329,12529,43051,0.02708803611738149,0.015005187963923697,0.016979861094980373
Stanmore Bay,Hibiscus and Bays Local Board Area,north,current_reg,1224,1329,12529,43051,0.9209932279909706,0.9426929523505467,0.9315695338087385
Stanmore Bay,Hibiscus and Bays Local Board Area,north,owner_reg,545,1329,12529,43051,0.41008276899924756,0.37975895921462205,0.36059557269285264
Stillwater,Hibiscus and Bays Local Board Area,north,animal_desexed,234,310,12529,43051,0.7548387096774194,0.7449118046132972,0.7100648068569836
Stillwater,Hibiscus and Bays Local Board Area,north,classification,3,310,12529,43051,0.00967741935483871,0.015005187963923697,0.016979861094980373
Stillwater,Hibiscus and Bays Local Board Area,north,current_reg,288,310,12529,43051,0.9290322580645162,0.9426929523505467,0.9315695338087385
Stillwater,Hibiscus and Bays Local Board Area,north,owner_reg,117,310,12529,43051,0.3774193548387097,0.37975895921462205,0.36059557269285264
Stonefields,Maungakiekie-Tāmaki Local Board Area,central,animal_desexed,222,294,5484,25368,0.7551020408163265,0.5951859956236324,0.6542100283822138
Stonefields,Maungakiekie-Tāmaki Local Board Area,central,classification,2,294,5484,25368,0.006802721088435374,0.08460977388767323,0.03717281614632608
Stonefields,Maungakiekie-Tāmaki Local Board Area,central,current_reg,284,294,5484,25368,0.9659863945578231,0.8659737417943107,0.9155234941658783
Stonefields,Maungakiekie-Tāmaki Local Board Area,central,owner_reg,80,294,5484,25368,0.272108843537415,0.2671407731582786,0.2651371807000946
Streamlands,Rodney Local Board Area,north,animal_desexed,38,57,12635,43051,0.6666666666666666,0.6839730906212901,0.7100648068569836
Streamlands,Rodney Local Board Area,north,classification,0,57,12635,43051,0,0.015116739216462208,0.016979861094980373
Streamlands,Rodney Local Board Area,north,current_reg,56,57,12635,43051,0.9824561403508771,0.9270280965571824,0.9315695338087385
Streamlands,Rodney Local Board Area,north,owner_reg,19,57,12635,43051,0.3333333333333333,0.39746735259200633,0.36059557269285264
Sunnyhills,Howick Local Board Area,east,animal_desexed,237,337,8904,8904,0.7032640949554896,0.6630727762803235,0.6630727762803235
Sunnyhills,Howick Local Board Area,east,classification,6,337,8904,8904,0.017804154302670624,0.037511230907457324,0.037511230907457324
Sunnyhills,Howick Local Board Area,east,current_reg,321,337,8904,8904,0.9525222551928784,0.9174528301886793,0.9174528301886793
Sunnyhills,Howick Local Board Area,east,owner_reg,131,337,8904,8904,0.3887240356083086,0.3314240790655885,0.3314240790655885
Sunnynook,Devonport-Takapuna Local Board Area,north,animal_desexed,191,268,4592,43051,0.7126865671641791,0.7253919860627178,0.7100648068569836
Sunnynook,Devonport-Takapuna Local Board Area,north,classification,9,268,4592,43051,0.033582089552238806,0.01524390243902439,0.016979861094980373
Sunnynook,Devonport-Takapuna Local Board Area,north,current_reg,237,268,4592,43051,0.8843283582089553,0.9368466898954704,0.9315695338087385
Sunnynook,Devonport-Takapuna Local Board Area,north,owner_reg,79,268,4592,43051,0.2947761194029851,0.28702090592334495,0.36059557269285264
Sunnyvale,Henderson-Massey Local Board Area,west,animal_desexed,233,383,10288,20046,0.608355091383812,0.6254860031104199,0.6577870896937045
Sunnyvale,Henderson-Massey Local Board Area,west,classification,32,383,10288,20046,0.0835509138381201,0.06833203732503888,0.05711862715753766
Sunnyvale,Henderson-Massey Local Board Area,west,current_reg,326,383,10288,20046,0.8511749347258486,0.8691679626749611,0.8856629751571385
Sunnyvale,Henderson-Massey Local Board Area,west,owner_reg,121,383,10288,20046,0.31592689295039167,0.29587869362363917,0.305846552928265
Swanson,Waitākere Ranges Local Board Area,west,animal_desexed,467,662,6064,20046,0.7054380664652568,0.7204815303430079,0.6577870896937045
Swanson,Waitākere Ranges Local Board Area,west,classification,19,662,6064,20046,0.028700906344410877,0.033641160949868076,0.05711862715753766
Swanson,Waitākere Ranges Local Board Area,west,current_reg,608,662,6064,20046,0.918429003021148,0.9200197889182058,0.8856629751571385
Swanson,Waitākere Ranges Local Board Area,west,owner_reg,243,662,6064,20046,0.36706948640483383,0.34465699208443273,0.305846552928265
Tahekeroa,Rodney Local Board Area,north,animal_desexed,64,116,12635,43051,0.5517241379310345,0.6839730906212901,0.7100648068569836
Tahekeroa,Rodney Local Board Area,north,classification,0,116,12635,43051,0,0.015116739216462208,0.016979861094980373
Tahekeroa,Rodney Local Board Area,north,current_reg,108,116,12635,43051,0.9310344827586207,0.9270280965571824,0.9315695338087385
Tahekeroa,Rodney Local Board Area,north,owner_reg,43,116,12635,43051,0.3706896551724138,0.39746735259200633,0.36059557269285264
Takanini,Papakura Local Board Area,south,animal_desexed,350,698,5967,33754,0.501432664756447,0.5828724652254064,0.560407655388991
Takanini,Papakura Local Board Area,south,classification,78,698,5967,33754,0.11174785100286533,0.08982738394503101,0.10665402618948866
Takanini,Papakura Local Board Area,south,current_reg,535,698,5967,33754,0.7664756446991404,0.8327467739232445,0.8430111986727499
Takanini,Papakura Local Board Area,south,owner_reg,184,698,5967,33754,0.2636103151862464,0.32797050444109266,0.29629080997807666
Takapuna,Devonport-Takapuna Local Board Area,north,animal_desexed,330,458,4592,43051,0.7205240174672489,0.7253919860627178,0.7100648068569836
Takapuna,Devonport-Takapuna Local Board Area,north,classification,8,458,4592,43051,0.017467248908296942,0.01524390243902439,0.016979861094980373
Takapuna,Devonport-Takapuna Local Board Area,north,current_reg,422,458,4592,43051,0.9213973799126638,0.9368466898954704,0.9315695338087385
Takapuna,Devonport-Takapuna Local Board Area,north,owner_reg,134,458,4592,43051,0.2925764192139738,0.28702090592334495,0.36059557269285264
Takatu,Papakura Local Board Area,south,animal_desexed,6,9,5967,33754,0.6666666666666666,0.5828724652254064,0.560407655388991
Takatu,Papakura Local Board Area,south,classification,1,9,5967,33754,0.1111111111111111,0.08982738394503101,0.10665402618948866
Takatu,Papakura Local Board Area,south,current_reg,9,9,5967,33754,1,0.8327467739232445,0.8430111986727499
Takatu,Papakura Local Board Area,south,owner_reg,2,9,5967,33754,0.2222222222222222,0.32797050444109266,0.29629080997807666
Tapora,Rodney Local Board Area,north,animal_desexed,18,37,12635,43051,0.4864864864864865,0.6839730906212901,0.7100648068569836
Tapora,Rodney Local Board Area,north,classification,1,37,12635,43051,0.02702702702702703,0.015116739216462208,0.016979861094980373
Tapora,Rodney Local Board Area,north,current_reg,34,37,12635,43051,0.918918918918919,0.9270280965571824,0.9315695338087385
Tapora,Rodney Local Board Area,north,owner_reg,11,37,12635,43051,0.2972972972972973,0.39746735259200633,0.36059557269285264
Tauhoa,Rodney Local Board Area,north,animal_desexed,13,41,12635,43051,0.3170731707317073,0.6839730906212901,0.7100648068569836
Tauhoa,Rodney Local Board Area,north,classification,2,41,12635,43051,0.04878048780487805,0.015116739216462208,0.016979861094980373
Tauhoa,Rodney Local Board Area,north,current_reg,39,41,12635,43051,0.9512195121951219,0.9270280965571824,0.9315695338087385
Tauhoa,Rodney Local Board Area,north,owner_reg,7,41,12635,43051,0.17073170731707318,0.39746735259200633,0.36059557269285264
Taupaki,Rodney Local Board Area,north,animal_desexed,245,354,12635,43051,0.692090395480226,0.6839730906212901,0.7100648068569836
Taupaki,Rodney Local Board Area,north,classification,8,354,12635,43051,0.022598870056497175,0.015116739216462208,0.016979861094980373
Taupaki,Rodney Local Board Area,north,current_reg,329,354,12635,43051,0.9293785310734464,0.9270280965571824,0.9315695338087385
Taupaki,Rodney Local Board Area,north,owner_reg,155,354,12635,43051,0.4378531073446328,0.39746735259200633,0.36059557269285264
Tawharanui,Rodney Local Board Area,north,animal_desexed,13,21,12635,43051,0.6190476190476191,0.6839730906212901,0.7100648068569836
Tawharanui,Rodney Local Board Area,north,classification,0,21,12635,43051,0,0.015116739216462208,0.016979861094980373
Tawharanui,Rodney Local Board Area,north,current_reg,21,21,12635,43051,1,0.9270280965571824,0.9315695338087385
Tawharanui,Rodney Local Board Area,north,owner_reg,7,21,12635,43051,0.3333333333333333,0.39746735259200633,0.36059557269285264
Te Arai,Rodney Local Board Area,north,animal_desexed,39,73,12635,43051,0.5342465753424658,0.6839730906212901,0.7100648068569836
Te Arai,Rodney Local Board Area,north,classification,0,73,12635,43051,0,0.015116739216462208,0.016979861094980373
Te Arai,Rodney Local Board Area,north,current_reg,71,73,12635,43051,0.9726027397260274,0.9270280965571824,0.9315695338087385
Te Arai,Rodney Local Board Area,north,owner_reg,37,73,12635,43051,0.5068493150684932,0.39746735259200633,0.36059557269285264
Te Arai Point,Rodney Local Board Area,north,animal_desexed,26,52,12635,43051,0.5,0.6839730906212901,0.7100648068569836
Te Arai Point,Rodney Local Board Area,north,classification,0,52,12635,43051,0,0.015116739216462208,0.016979861094980373
Te Arai Point,Rodney Local Board Area,north,current_reg,52,52,12635,43051,1,0.9270280965571824,0.9315695338087385
Te Arai Point,Rodney Local Board Area,north,owner_reg,11,52,12635,43051,0.21153846153846154,0.39746735259200633,0.36059557269285264
Te Atatu Peninsula,Henderson-Massey Local Board Area,west,animal_desexed,826,1242,10288,20046,0.6650563607085346,0.6254860031104199,0.6577870896937045
Te Atatu Peninsula,Henderson-Massey Local Board Area,west,classification,52,1242,10288,20046,0.04186795491143317,0.06833203732503888,0.05711862715753766
Te Atatu Peninsula,Henderson-Massey Local Board Area,west,current_reg,1130,1242,10288,20046,0.9098228663446055,0.8691679626749611,0.8856629751571385
Te Atatu Peninsula,Henderson-Massey Local Board Area,west,owner_reg,357,1242,10288,20046,0.28743961352657005,0.29587869362363917,0.305846552928265
Te Atatu South,Henderson-Massey Local Board Area,west,animal_desexed,662,1010,10288,20046,0.6554455445544555,0.6254860031104199,0.6577870896937045
Te Atatu South,Henderson-Massey Local Board Area,west,classification,74,1010,10288,20046,0.07326732673267326,0.06833203732503888,0.05711862715753766
Te Atatu South,Henderson-Massey Local Board Area,west,current_reg,883,1010,10288,20046,0.8742574257425743,0.8691679626749611,0.8856629751571385
Te Atatu South,Henderson-Massey Local Board Area,west,owner_reg,276,1010,10288,20046,0.2732673267326733,0.29587869362363917,0.305846552928265
Te Hana,Rodney Local Board Area,north,animal_desexed,28,49,12635,43051,0.5714285714285714,0.6839730906212901,0.7100648068569836
Te Hana,Rodney Local Board Area,north,classification,0,49,12635,43051,0,0.015116739216462208,0.016979861094980373
Te Hana,Rodney Local Board Area,north,current_reg,48,49,12635,43051,0.9795918367346939,0.9270280965571824,0.9315695338087385
Te Hana,Rodney Local Board Area,north,owner_reg,26,49,12635,43051,0.5306122448979592,0.39746735259200633,0.36059557269285264
Te Henga,Waitākere Ranges Local Board Area,west,animal_desexed,36,43,6064,20046,0.8372093023255814,0.7204815303430079,0.6577870896937045
Te Henga,Waitākere Ranges Local Board Area,west,classification,0,43,6064,20046,0,0.033641160949868076,0.05711862715753766
Te Henga,Waitākere Ranges Local Board Area,west,current_reg,40,43,6064,20046,0.9302325581395349,0.9200197889182058,0.8856629751571385
Te Henga,Waitākere Ranges Local Board Area,west,owner_reg,21,43,6064,20046,0.4883720930232558,0.34465699208443273,0.305846552928265
Te Hihi,Franklin Local Board Area,south,animal_desexed,2,2,11978,33754,1,0.6668058106528636,0.560407655388991
Te Hihi,Franklin Local Board Area,south,classification,0,2,11978,33754,0,0.03414593421272333,0.10665402618948866
Te Hihi,Franklin Local Board Area,south,current_reg,2,2,11978,33754,1,0.9143429620971781,0.8430111986727499
Te Hihi,Franklin Local Board Area,south,owner_reg,0,2,11978,33754,0,0.4029888128235098,0.29629080997807666
Te Papapa,Maungakiekie-Tāmaki Local Board Area,central,animal_desexed,58,95,5484,25368,0.6105263157894737,0.5951859956236324,0.6542100283822138
Te Papapa,Maungakiekie-Tāmaki Local Board Area,central,classification,8,95,5484,25368,0.08421052631578947,0.08460977388767323,0.03717281614632608
Te Papapa,Maungakiekie-Tāmaki Local Board Area,central,current_reg,86,95,5484,25368,0.9052631578947369,0.8659737417943107,0.9155234941658783
Te Papapa,Maungakiekie-Tāmaki Local Board Area,central,owner_reg,25,95,5484,25368,0.2631578947368421,0.2671407731582786,0.2651371807000946
Te Pua,Maungakiekie-Tāmaki Local Board Area,central,animal_desexed,94,135,5484,25368,0.6962962962962963,0.5951859956236324,0.6542100283822138
Te Pua,Maungakiekie-Tāmaki Local Board Area,central,classification,3,135,5484,25368,0.022222222222222223,0.08460977388767323,0.03717281614632608
Te Pua,Maungakiekie-Tāmaki Local Board Area,central,current_reg,132,135,5484,25368,0.9777777777777777,0.8659737417943107,0.9155234941658783
Te Pua,Maungakiekie-Tāmaki Local Board Area,central,owner_reg,64,135,5484,25368,0.4740740740740741,0.2671407731582786,0.2651371807000946
The Gardens,Manurewa Local Board Area,south,animal_desexed,212,309,5808,33754,0.686084142394822,0.5020661157024794,0.560407655388991
The Gardens,Manurewa Local Board Area,south,classification,12,309,5808,33754,0.038834951456310676,0.15685261707988982,0.10665402618948866
The Gardens,Manurewa Local Board Area,south,current_reg,294,309,5808,33754,0.9514563106796117,0.7913223140495868,0.8430111986727499
The Gardens,Manurewa Local Board Area,south,owner_reg,123,309,5808,33754,0.39805825242718446,0.23433195592286502,0.29629080997807666
Three Kings,Puketāpapa Local Board Area,central,animal_desexed,234,396,2180,25368,0.5909090909090909,0.6041284403669724,0.6542100283822138
Three Kings,Puketāpapa Local Board Area,central,classification,31,396,2180,25368,0.07828282828282829,0.06972477064220184,0.03717281614632608
Three Kings,Puketāpapa Local Board Area,central,current_reg,354,396,2180,25368,0.8939393939393939,0.8697247706422019,0.9155234941658783
Three Kings,Puketāpapa Local Board Area,central,owner_reg,90,396,2180,25368,0.22727272727272727,0.23853211009174313,0.2651371807000946
Ti Point,Rodney Local Board Area,north,animal_desexed,18,27,12635,43051,0.6666666666666666,0.6839730906212901,0.7100648068569836
Ti Point,Rodney Local Board Area,north,classification,0,27,12635,43051,0,0.015116739216462208,0.016979861094980373
Ti Point,Rodney Local Board Area,north,current_reg,26,27,12635,43051,0.9629629629629629,0.9270280965571824,0.9315695338087385
Ti Point,Rodney Local Board Area,north,owner_reg,6,27,12635,43051,0.2222222222222222,0.39746735259200633,0.36059557269285264
Tindalls Beach,Hibiscus and Bays Local Board Area,north,animal_desexed,48,66,12529,43051,0.7272727272727273,0.7449118046132972,0.7100648068569836
Tindalls Beach,Hibiscus and Bays Local Board Area,north,classification,3,66,12529,43051,0.045454545454545456,0.015005187963923697,0.016979861094980373
Tindalls Beach,Hibiscus and Bays Local Board Area,north,current_reg,60,66,12529,43051,0.9090909090909091,0.9426929523505467,0.9315695338087385
Tindalls Beach,Hibiscus and Bays Local Board Area,north,owner_reg,28,66,12529,43051,0.42424242424242425,0.37975895921462205,0.36059557269285264
Titirangi,Waitākere Ranges Local Board Area,west,animal_desexed,1364,1823,6064,20046,0.748217224355458,0.7204815303430079,0.6577870896937045
Titirangi,Waitākere Ranges Local Board Area,west,classification,34,1823,6064,20046,0.018650575973669776,0.033641160949868076,0.05711862715753766
Titirangi,Waitākere Ranges Local Board Area,west,current_reg,1732,1823,6064,20046,0.950082281952825,0.9200197889182058,0.8856629751571385
Titirangi,Waitākere Ranges Local Board Area,west,owner_reg,648,1823,6064,20046,0.35545803620405925,0.34465699208443273,0.305846552928265
Tomarata,Rodney Local Board Area,north,animal_desexed,30,64,12635,43051,0.46875,0.6839730906212901,0.7100648068569836
Tomarata,Rodney Local Board Area,north,classification,1,64,12635,43051,0.015625,0.015116739216462208,0.016979861094980373
Tomarata,Rodney Local Board Area,north,current_reg,58,64,12635,43051,0.90625,0.9270280965571824,0.9315695338087385
Tomarata,Rodney Local Board Area,north,owner_reg,20,64,12635,43051,0.3125,0.39746735259200633,0.36059557269285264
Topuni,Rodney Local Board Area,north,animal_desexed,4,13,12635,43051,0.3076923076923077,0.6839730906212901,0.7100648068569836
Topuni,Rodney Local Board Area,north,classification,0,13,12635,43051,0,0.015116739216462208,0.016979861094980373
Topuni,Rodney Local Board Area,north,current_reg,12,13,12635,43051,0.9230769230769231,0.9270280965571824,0.9315695338087385
Topuni,Rodney Local Board Area,north,owner_reg,2,13,12635,43051,0.15384615384615385,0.39746735259200633,0.36059557269285264
Torbay,Hibiscus and Bays Local Board Area,north,animal_desexed,1079,1444,12529,43051,0.747229916897507,0.7449118046132972,0.7100648068569836
Torbay,Hibiscus and Bays Local Board Area,north,classification,20,1444,12529,43051,0.013850415512465374,0.015005187963923697,0.016979861094980373
Torbay,Hibiscus and Bays Local Board Area,north,current_reg,1373,1444,12529,43051,0.9508310249307479,0.9426929523505467,0.9315695338087385
Torbay,Hibiscus and Bays Local Board Area,north,owner_reg,519,1444,12529,43051,0.35941828254847646,0.37975895921462205,0.36059557269285264
Totara Heights,Manurewa Local Board Area,south,animal_desexed,105,167,5808,33754,0.6287425149700598,0.5020661157024794,0.560407655388991
Totara Heights,Manurewa Local Board Area,south,classification,11,167,5808,33754,0.0658682634730539,0.15685261707988982,0.10665402618948866
Totara Heights,Manurewa Local Board Area,south,current_reg,148,167,5808,33754,0.8862275449101796,0.7913223140495868,0.8430111986727499
Totara Heights,Manurewa Local Board Area,south,owner_reg,50,167,5808,33754,0.2994011976047904,0.23433195592286502,0.29629080997807666
Totara Vale,Kaipātiki Local Board Area,north,animal_desexed,229,346,6275,43051,0.661849710982659,0.7018326693227092,0.7100648068569836
Totara Vale,Kaipātiki Local Board Area,north,classification,12,346,6275,43051,0.03468208092485549,0.025816733067729084,0.016979861094980373
Totara Vale,Kaipātiki Local Board Area,north,current_reg,306,346,6275,43051,0.884393063583815,0.9164940239043825,0.9315695338087385
Totara Vale,Kaipātiki Local Board Area,north,owner_reg,115,346,6275,43051,0.33236994219653176,0.3244621513944223,0.36059557269285264
Tramcar Bay,Rodney Local Board Area,north,animal_desexed,4,7,12635,43051,0.5714285714285714,0.6839730906212901,0.7100648068569836
Tramcar Bay,Rodney Local Board Area,north,classification,1,7,12635,43051,0.14285714285714285,0.015116739216462208,0.016979861094980373
Tramcar Bay,Rodney Local Board Area,north,current_reg,6,7,12635,43051,0.8571428571428571,0.9270280965571824,0.9315695338087385
Tramcar Bay,Rodney Local Board Area,north,owner_reg,4,7,12635,43051,0.5714285714285714,0.39746735259200633,0.36059557269285264
Unsworth Heights,Upper Harbour Local Board Area,north,animal_desexed,302,383,5464,43051,0.7885117493472585,0.7016837481698389,0.7100648068569836
Unsworth Heights,Upper Harbour Local Board Area,north,classification,8,383,5464,43051,0.020887728459530026,0.016471449487554905,0.016979861094980373
Unsworth Heights,Upper Harbour Local Board Area,north,current_reg,350,383,5464,43051,0.9138381201044387,0.9302708638360175,0.9315695338087385
Unsworth Heights,Upper Harbour Local Board Area,north,owner_reg,147,383,5464,43051,0.3838120104438642,0.3444363103953148,0.36059557269285264
Upper Orewa,Hibiscus and Bays Local Board Area,north,animal_desexed,154,233,12529,43051,0.6609442060085837,0.7449118046132972,0.7100648068569836
Upper Orewa,Hibiscus and Bays Local Board Area,north,classification,2,233,12529,43051,0.008583690987124463,0.015005187963923697,0.016979861094980373
Upper Orewa,Hibiscus and Bays Local Board Area,north,current_reg,232,233,12529,43051,0.9957081545064378,0.9426929523505467,0.9315695338087385
Upper Orewa,Hibiscus and Bays Local Board Area,north,owner_reg,95,233,12529,43051,0.40772532188841204,0.37975895921462205,0.36059557269285264
Upper Waiwera,Hibiscus and Bays Local Board Area,north,animal_desexed,92,130,12529,43051,0.7076923076923077,0.7449118046132972,0.7100648068569836
Upper Waiwera,Hibiscus and Bays Local Board Area,north,classification,3,130,12529,43051,0.023076923076923078,0.015005187963923697,0.016979861094980373
Upper Waiwera,Hibiscus and Bays Local Board Area,north,current_reg,125,130,12529,43051,0.9615384615384616,0.9426929523505467,0.9315695338087385
Upper Waiwera,Hibiscus and Bays Local Board Area,north,owner_reg,55,130,12529,43051,0.4230769230769231,0.37975895921462205,0.36059557269285264
Wade Heads,Hibiscus and Bays Local Board Area,north,animal_desexed,55,78,12529,43051,0.7051282051282052,0.7449118046132972,0.7100648068569836
Wade Heads,Hibiscus and Bays Local Board Area,north,classification,0,78,12529,43051,0,0.015005187963923697,0.016979861094980373
Wade Heads,Hibiscus and Bays Local Board Area,north,current_reg,74,78,12529,43051,0.9487179487179487,0.9426929523505467,0.9315695338087385
Wade Heads,Hibiscus and Bays Local Board Area,north,owner_reg,28,78,12529,43051,0.358974358974359,0.37975895921462205,0.36059557269285264
Wai O Taiki Bay,Maungakiekie-Tāmaki Local Board Area,central,animal_desexed,84,162,5484,25368,0.5185185185185185,0.5951859956236324,0.6542100283822138
Wai O Taiki Bay,Maungakiekie-Tāmaki Local Board Area,central,classification,8,162,5484,25368,0.04938271604938271,0.08460977388767323,0.03717281614632608
Wai O Taiki Bay,Maungakiekie-Tāmaki Local Board Area,central,current_reg,152,162,5484,25368,0.9382716049382716,0.8659737417943107,0.9155234941658783
Wai O Taiki Bay,Maungakiekie-Tāmaki Local Board Area,central,owner_reg,42,162,5484,25368,0.25925925925925924,0.2671407731582786,0.2651371807000946
Waiake,Maungakiekie-Tāmaki Local Board Area,central,animal_desexed,133,169,5484,25368,0.7869822485207101,0.5951859956236324,0.6542100283822138
Waiake,Maungakiekie-Tāmaki Local Board Area,central,classification,1,169,5484,25368,0.005917159763313609,0.08460977388767323,0.03717281614632608
Waiake,Maungakiekie-Tāmaki Local Board Area,central,current_reg,161,169,5484,25368,0.9526627218934911,0.8659737417943107,0.9155234941658783
Waiake,Maungakiekie-Tāmaki Local Board Area,central,owner_reg,69,169,5484,25368,0.40828402366863903,0.2671407731582786,0.2651371807000946
Waiatarua,Waitākere Ranges Local Board Area,west,animal_desexed,145,193,6064,20046,0.7512953367875648,0.7204815303430079,0.6577870896937045
Waiatarua,Waitākere Ranges Local Board Area,west,classification,4,193,6064,20046,0.02072538860103627,0.033641160949868076,0.05711862715753766
Waiatarua,Waitākere Ranges Local Board Area,west,current_reg,185,193,6064,20046,0.9585492227979274,0.9200197889182058,0.8856629751571385
Waiatarua,Waitākere Ranges Local Board Area,west,owner_reg,88,193,6064,20046,0.45595854922279794,0.34465699208443273,0.305846552928265
Waiheke Island,Waiheke Local Board Area,north,animal_desexed,830,1200,1207,43051,0.6916666666666667,0.6909693454846727,0.7100648068569836
Waiheke Island,Waiheke Local Board Area,north,classification,21,1200,1207,43051,0.0175,0.01739850869925435,0.016979861094980373
Waiheke Island,Waiheke Local Board Area,north,current_reg,1117,1200,1207,43051,0.9308333333333333,0.9312344656172328,0.9315695338087385
Waiheke Island,Waiheke Local Board Area,north,owner_reg,324,1200,1207,43051,0.27,0.26843413421706713,0.36059557269285264
Waikoukou Valley,Rodney Local Board Area,north,animal_desexed,135,184,12635,43051,0.7336956521739131,0.6839730906212901,0.7100648068569836
Waikoukou Valley,Rodney Local Board Area,north,classification,1,184,12635,43051,0.005434782608695652,0.015116739216462208,0.016979861094980373
Waikoukou Valley,Rodney Local Board Area,north,current_reg,167,184,12635,43051,0.907608695652174,0.9270280965571824,0.9315695338087385
Waikoukou Valley,Rodney Local Board Area,north,owner_reg,84,184,12635,43051,0.45652173913043476,0.39746735259200633,0.36059557269285264
Waikowhai,Puketāpapa Local Board Area,central,animal_desexed,61,91,2180,25368,0.6703296703296703,0.6041284403669724,0.6542100283822138
Waikowhai,Puketāpapa Local Board Area,central,classification,1,91,2180,25368,0.01098901098901099,0.06972477064220184,0.03717281614632608
Waikowhai,Puketāpapa Local Board Area,central,current_reg,85,91,2180,25368,0.9340659340659341,0.8697247706422019,0.9155234941658783
Waikowhai,Puketāpapa Local Board Area,central,owner_reg,25,91,2180,25368,0.27472527472527475,0.23853211009174313,0.2651371807000946
Waimauku,Rodney Local Board Area,north,animal_desexed,234,300,12635,43051,0.78,0.6839730906212901,0.7100648068569836
Waimauku,Rodney Local Board Area,north,classification,7,300,12635,43051,0.023333333333333334,0.015116739216462208,0.016979861094980373
Waimauku,Rodney Local Board Area,north,current_reg,272,300,12635,43051,0.9066666666666666,0.9270280965571824,0.9315695338087385
Waimauku,Rodney Local Board Area,north,owner_reg,147,300,12635,43051,0.49,0.39746735259200633,0.36059557269285264
Wainui,Rodney Local Board Area,north,animal_desexed,209,278,12635,43051,0.7517985611510791,0.6839730906212901,0.7100648068569836
Wainui,Rodney Local Board Area,north,classification,0,278,12635,43051,0,0.015116739216462208,0.016979861094980373
Wainui,Rodney Local Board Area,north,current_reg,267,278,12635,43051,0.960431654676259,0.9270280965571824,0.9315695338087385
Wainui,Rodney Local Board Area,north,owner_reg,114,278,12635,43051,0.41007194244604317,0.39746735259200633,0.36059557269285264
Waioneke,Rodney Local Board Area,north,animal_desexed,51,82,12635,43051,0.6219512195121951,0.6839730906212901,0.7100648068569836
Waioneke,Rodney Local Board Area,north,classification,0,82,12635,43051,0,0.015116739216462208,0.016979861094980373
Waioneke,Rodney Local Board Area,north,current_reg,74,82,12635,43051,0.9024390243902439,0.9270280965571824,0.9315695338087385
Waioneke,Rodney Local Board Area,north,owner_reg,37,82,12635,43051,0.45121951219512196,0.39746735259200633,0.36059557269285264
Wairau Valley,Hibiscus and Bays Local Board Area,north,animal_desexed,13,18,12529,43051,0.7222222222222222,0.7449118046132972,0.7100648068569836
Wairau Valley,Hibiscus and Bays Local Board Area,north,classification,2,18,12529,43051,0.1111111111111111,0.015005187963923697,0.016979861094980373
Wairau Valley,Hibiscus and Bays Local Board Area,north,current_reg,13,18,12529,43051,0.7222222222222222,0.9426929523505467,0.9315695338087385
Wairau Valley,Hibiscus and Bays Local Board Area,north,owner_reg,5,18,12529,43051,0.2777777777777778,0.37975895921462205,0.36059557269285264
Waitakere,Waitākere Ranges Local Board Area,west,animal_desexed,289,402,6064,20046,0.7189054726368159,0.7204815303430079,0.6577870896937045
Waitakere,Waitākere Ranges Local Board Area,west,classification,16,402,6064,20046,0.03980099502487562,0.033641160949868076,0.05711862715753766
Waitakere,Waitākere Ranges Local Board Area,west,current_reg,379,402,6064,20046,0.9427860696517413,0.9200197889182058,0.8856629751571385
Waitakere,Waitākere Ranges Local Board Area,west,owner_reg,178,402,6064,20046,0.4427860696517413,0.34465699208443273,0.305846552928265
Waiteitei,Rodney Local Board Area,north,animal_desexed,18,35,12635,43051,0.5142857142857142,0.6839730906212901,0.7100648068569836
Waiteitei,Rodney Local Board Area,north,classification,1,35,12635,43051,0.02857142857142857,0.015116739216462208,0.016979861094980373
Waiteitei,Rodney Local Board Area,north,current_reg,31,35,12635,43051,0.8857142857142857,0.9270280965571824,0.9315695338087385
Waiteitei,Rodney Local Board Area,north,owner_reg,16,35,12635,43051,0.45714285714285713,0.39746735259200633,0.36059557269285264
Waitoki,Rodney Local Board Area,north,animal_desexed,130,192,12635,43051,0.6770833333333334,0.6839730906212901,0.7100648068569836
Waitoki,Rodney Local Board Area,north,classification,3,192,12635,43051,0.015625,0.015116739216462208,0.016979861094980373
Waitoki,Rodney Local Board Area,north,current_reg,184,192,12635,43051,0.9583333333333334,0.9270280965571824,0.9315695338087385
Waitoki,Rodney Local Board Area,north,owner_reg,80,192,12635,43051,0.4166666666666667,0.39746735259200633,0.36059557269285264
Waiuku,Franklin Local Board Area,south,animal_desexed,1410,2065,11978,33754,0.6828087167070218,0.6668058106528636,0.560407655388991
Waiuku,Franklin Local Board Area,south,classification,80,2065,11978,33754,0.0387409200968523,0.03414593421272333,0.10665402618948866
Waiuku,Franklin Local Board Area,south,current_reg,1873,2065,11978,33754,0.9070217917675545,0.9143429620971781,0.8430111986727499
Waiuku,Franklin Local Board Area,south,owner_reg,861,2065,11978,33754,0.41694915254237286,0.4029888128235098,0.29629080997807666
Waiwera,Hibiscus and Bays Local Board Area,north,animal_desexed,16,22,12529,43051,0.7272727272727273,0.7449118046132972,0.7100648068569836
Waiwera,Hibiscus and Bays Local Board Area,north,classification,1,22,12529,43051,0.045454545454545456,0.015005187963923697,0.016979861094980373
Waiwera,Hibiscus and Bays Local Board Area,north,current_reg,22,22,12529,43051,1,0.9426929523505467,0.9315695338087385
Waiwera,Hibiscus and Bays Local Board Area,north,owner_reg,7,22,12529,43051,0.3181818181818182,0.37975895921462205,0.36059557269285264
Warkworth,Rodney Local Board Area,north,animal_desexed,553,775,12635,43051,0.7135483870967742,0.6839730906212901,0.7100648068569836
Warkworth,Rodney Local Board Area,north,classification,6,775,12635,43051,0.007741935483870968,0.015116739216462208,0.016979861094980373
Warkworth,Rodney Local Board Area,north,current_reg,733,775,12635,43051,0.9458064516129032,0.9270280965571824,0.9315695338087385
Warkworth,Rodney Local Board Area,north,owner_reg,347,775,12635,43051,0.447741935483871,0.39746735259200633,0.36059557269285264
Waterview,Albert-Eden Local Board Area,central,animal_desexed,178,282,6233,25368,0.6312056737588653,0.673672388897802,0.6542100283822138
Waterview,Albert-Eden Local Board Area,central,classification,15,282,6233,25368,0.05319148936170213,0.027274185785336115,0.03717281614632608
Waterview,Albert-Eden Local Board Area,central,current_reg,249,282,6233,25368,0.8829787234042553,0.9359858815979464,0.9155234941658783
Waterview,Albert-Eden Local Board Area,central,owner_reg,67,282,6233,25368,0.2375886524822695,0.2826889138456602,0.2651371807000946
Wattle Downs,Manurewa Local Board Area,south,animal_desexed,356,527,5808,33754,0.6755218216318786,0.5020661157024794,0.560407655388991
Wattle Downs,Manurewa Local Board Area,south,classification,32,527,5808,33754,0.06072106261859583,0.15685261707988982,0.10665402618948866
Wattle Downs,Manurewa Local Board Area,south,current_reg,474,527,5808,33754,0.8994307400379506,0.7913223140495868,0.8430111986727499
Wattle Downs,Manurewa Local Board Area,south,owner_reg,213,527,5808,33754,0.40417457305502846,0.23433195592286502,0.29629080997807666
Wayby,Rodney Local Board Area,north,animal_desexed,5,6,12635,43051,0.8333333333333334,0.6839730906212901,0.7100648068569836
Wayby,Rodney Local Board Area,north,classification,0,6,12635,43051,0,0.015116739216462208,0.016979861094980373
Wayby,Rodney Local Board Area,north,current_reg,6,6,12635,43051,1,0.9270280965571824,0.9315695338087385
Wayby,Rodney Local Board Area,north,owner_reg,4,6,12635,43051,0.6666666666666666,0.39746735259200633,0.36059557269285264
Wayby Valley,Rodney Local Board Area,north,animal_desexed,18,28,12635,43051,0.6428571428571429,0.6839730906212901,0.7100648068569836
Wayby Valley,Rodney Local Board Area,north,classification,0,28,12635,43051,0,0.015116739216462208,0.016979861094980373
Wayby Valley,Rodney Local Board Area,north,current_reg,27,28,12635,43051,0.9642857142857143,0.9270280965571824,0.9315695338087385
Wayby Valley,Rodney Local Board Area,north,owner_reg,14,28,12635,43051,0.5,0.39746735259200633,0.36059557269285264
Wellsford,Rodney Local Board Area,north,animal_desexed,181,278,12635,43051,0.6510791366906474,0.6839730906212901,0.7100648068569836
Wellsford,Rodney Local Board Area,north,classification,11,278,12635,43051,0.039568345323741004,0.015116739216462208,0.016979861094980373
Wellsford,Rodney Local Board Area,north,current_reg,237,278,12635,43051,0.8525179856115108,0.9270280965571824,0.9315695338087385
Wellsford,Rodney Local Board Area,north,owner_reg,93,278,12635,43051,0.3345323741007194,0.39746735259200633,0.36059557269285264
Wenderholm,Rodney Local Board Area,north,animal_desexed,2,10,12635,43051,0.2,0.6839730906212901,0.7100648068569836
Wenderholm,Rodney Local Board Area,north,classification,0,10,12635,43051,0,0.015116739216462208,0.016979861094980373
Wenderholm,Rodney Local Board Area,north,current_reg,10,10,12635,43051,1,0.9270280965571824,0.9315695338087385
Wenderholm,Rodney Local Board Area,north,owner_reg,1,10,12635,43051,0.1,0.39746735259200633,0.36059557269285264
West Harbour,Henderson-Massey Local Board Area,west,animal_desexed,549,817,10288,20046,0.6719706242350061,0.6254860031104199,0.6577870896937045
West Harbour,Henderson-Massey Local Board Area,west,classification,31,817,10288,20046,0.037943696450428395,0.06833203732503888,0.05711862715753766
West Harbour,Henderson-Massey Local Board Area,west,current_reg,734,817,10288,20046,0.8984088127294981,0.8691679626749611,0.8856629751571385
West Harbour,Henderson-Massey Local Board Area,west,owner_reg,276,817,10288,20046,0.3378212974296206,0.29587869362363917,0.305846552928265
Western Springs,Waitematā Local Board Area,central,animal_desexed,128,179,4310,25368,0.7150837988826816,0.6849187935034803,0.6542100283822138
Western Springs,Waitematā Local Board Area,central,classification,4,179,4310,25368,0.0223463687150838,0.013689095127610209,0.03717281614632608
Western Springs,Waitematā Local Board Area,central,current_reg,173,179,4310,25368,0.9664804469273743,0.9310904872389791,0.9155234941658783
Western Springs,Waitematā Local Board Area,central,owner_reg,55,179,4310,25368,0.30726256983240224,0.23642691415313224,0.2651371807000946
Westgate,Henderson-Massey Local Board Area,west,animal_desexed,63,84,10288,20046,0.75,0.6254860031104199,0.6577870896937045
Westgate,Henderson-Massey Local Board Area,west,classification,2,84,10288,20046,0.023809523809523808,0.06833203732503888,0.05711862715753766
Westgate,Henderson-Massey Local Board Area,west,current_reg,81,84,10288,20046,0.9642857142857143,0.8691679626749611,0.8856629751571385
Westgate,Henderson-Massey Local Board Area,west,owner_reg,26,84,10288,20046,0.30952380952380953,0.29587869362363917,0.305846552928265
Westmere,Waitematā Local Board Area,central,animal_desexed,325,477,4310,25368,0.6813417190775681,0.6849187935034803,0.6542100283822138
Westmere,Waitematā Local Board Area,central,classification,11,477,4310,25368,0.023060796645702306,0.013689095127610209,0.03717281614632608
Westmere,Waitematā Local Board Area,central,current_reg,451,477,4310,25368,0.9454926624737946,0.9310904872389791,0.9155234941658783
Westmere,Waitematā Local Board Area,central,owner_reg,103,477,4310,25368,0.21593291404612158,0.23642691415313224,0.2651371807000946
Weymouth,Manurewa Local Board Area,south,animal_desexed,253,533,5808,33754,0.474671669793621,0.5020661157024794,0.560407655388991
Weymouth,Manurewa Local Board Area,south,classification,89,533,5808,33754,0.1669793621013133,0.15685261707988982,0.10665402618948866
Weymouth,Manurewa Local Board Area,south,current_reg,426,533,5808,33754,0.799249530956848,0.7913223140495868,0.8430111986727499
Weymouth,Manurewa Local Board Area,south,owner_reg,120,533,5808,33754,0.225140712945591,0.23433195592286502,0.29629080997807666
Whangaparaoa,Hibiscus and Bays Local Board Area,north,animal_desexed,12,17,12529,43051,0.7058823529411765,0.7449118046132972,0.7100648068569836
Whangaparaoa,Hibiscus and Bays Local Board Area,north,classification,0,17,12529,43051,0,0.015005187963923697,0.016979861094980373
Whangaparaoa,Hibiscus and Bays Local Board Area,north,current_reg,16,17,12529,43051,0.9411764705882353,0.9426929523505467,0.9315695338087385
Whangaparaoa,Hibiscus and Bays Local Board Area,north,owner_reg,9,17,12529,43051,0.5294117647058824,0.37975895921462205,0.36059557269285264
Whangaripo,Rodney Local Board Area,north,animal_desexed,47,90,12635,43051,0.5222222222222223,0.6839730906212901,0.7100648068569836
Whangaripo,Rodney Local Board Area,north,classification,0,90,12635,43051,0,0.015116739216462208,0.016979861094980373
Whangaripo,Rodney Local Board Area,north,current_reg,74,90,12635,43051,0.8222222222222222,0.9270280965571824,0.9315695338087385
Whangaripo,Rodney Local Board Area,north,owner_reg,27,90,12635,43051,0.3,0.39746735259200633,0.36059557269285264
Whangateau,Rodney Local Board Area,north,animal_desexed,20,36,12635,43051,0.5555555555555556,0.6839730906212901,0.7100648068569836
Whangateau,Rodney Local Board Area,north,classification,0,36,12635,43051,0,0.015116739216462208,0.016979861094980373
Whangateau,Rodney Local Board Area,north,current_reg,32,36,12635,43051,0.8888888888888888,0.9270280965571824,0.9315695338087385
Whangateau,Rodney Local Board Area,north,owner_reg,18,36,12635,43051,0.5,0.39746735259200633,0.36059557269285264
Wharehine,Rodney Local Board Area,north,animal_desexed,28,46,12635,43051,0.6086956521739131,0.6839730906212901,0.7100648068569836
Wharehine,Rodney Local Board Area,north,classification,0,46,12635,43051,0,0.015116739216462208,0.016979861094980373
Wharehine,Rodney Local Board Area,north,current_reg,43,46,12635,43051,0.9347826086956522,0.9270280965571824,0.9315695338087385
Wharehine,Rodney Local Board Area,north,owner_reg,20,46,12635,43051,0.43478260869565216,0.39746735259200633,0.36059557269285264
Wharepapa,Rodney Local Board Area,north,animal_desexed,25,34,12635,43051,0.7352941176470589,0.6839730906212901,0.7100648068569836
Wharepapa,Rodney Local Board Area,north,classification,0,34,12635,43051,0,0.015116739216462208,0.016979861094980373
Wharepapa,Rodney Local Board Area,north,current_reg,34,34,12635,43051,1,0.9270280965571824,0.9315695338087385
Wharepapa,Rodney Local Board Area,north,owner_reg,24,34,12635,43051,0.7058823529411765,0.39746735259200633,0.36059557269285264
Whenuapai,Upper Harbour Local Board Area,north,animal_desexed,413,612,5464,43051,0.6748366013071896,0.7016837481698389,0.7100648068569836
Whenuapai,Upper Harbour Local Board Area,north,classification,20,612,5464,43051,0.032679738562091505,0.016471449487554905,0.016979861094980373
Whenuapai,Upper Harbour Local Board Area,north,current_reg,557,612,5464,43051,0.9101307189542484,0.9302708638360175,0.9315695338087385
Whenuapai,Upper Harbour Local Board Area,north,owner_reg,216,612,5464,43051,0.35294117647058826,0.3444363103953148,0.36059557269285264
Whitford,Franklin Local Board Area,south,animal_desexed,323,484,11978,33754,0.6673553719008265,0.6668058106528636,0.560407655388991
Whitford,Franklin Local Board Area,south,classification,7,484,11978,33754,0.014462809917355372,0.03414593421272333,0.10665402618948866
Whitford,Franklin Local Board Area,south,current_reg,454,484,11978,33754,0.9380165289256198,0.9143429620971781,0.8430111986727499
Whitford,Franklin Local Board Area,south,owner_reg,173,484,11978,33754,0.3574380165289256,0.4029888128235098,0.29629080997807666
Windsor Park,Upper Harbour Local Board Area,north,animal_desexed,72,104,5464,43051,0.6923076923076923,0.7016837481698389,0.7100648068569836
Windsor Park,Upper Harbour Local Board Area,north,classification,1,104,5464,43051,0.009615384615384616,0.016471449487554905,0.016979861094980373
Windsor Park,Upper Harbour Local Board Area,north,current_reg,97,104,5464,43051,0.9326923076923077,0.9302708638360175,0.9315695338087385
Windsor Park,Upper Harbour Local Board Area,north,owner_reg,29,104,5464,43051,0.27884615384615385,0.3444363103953148,0.36059557269285264
Woodcocks,Rodney Local Board Area,north,animal_desexed,44,70,12635,43051,0.6285714285714286,0.6839730906212901,0.7100648068569836
Woodcocks,Rodney Local Board Area,north,classification,0,70,12635,43051,0,0.015116739216462208,0.016979861094980373
Woodcocks,Rodney Local Board Area,north,current_reg,59,70,12635,43051,0.8428571428571429,0.9270280965571824,0.9315695338087385
Woodcocks,Rodney Local Board Area,north,owner_reg,31,70,12635,43051,0.44285714285714284,0.39746735259200633,0.36059557269285264
Woodhill,Rodney Local Board Area,north,animal_desexed,25,39,12635,43051,0.6410256410256411,0.6839730906212901,0.7100648068569836
Woodhill,Rodney Local Board Area,north,classification,0,39,12635,43051,0,0.015116739216462208,0.016979861094980373
Woodhill,Rodney Local Board Area,north,current_reg,37,39,12635,43051,0.9487179487179487,0.9270280965571824,0.9315695338087385
Woodhill,Rodney Local Board Area,north,owner_reg,21,39,12635,43051,0.5384615384615384,0.39746735259200633,0.36059557269285264
